{"type":"FeatureCollection","features":[{"type":"Feature","geometry":{"type":"Polygon","coordinates":[[[-6.5951,54.0445],[-6.5957,54.052],[-6.5867,54.0575],[-6.5695,54.0509],[-6.5577,54.0492],[-6.5492,54.0504],[-6.5319,54.0597],[-6.5158,54.0525],[-6.5091,54.0574],[-6.4965,54.0593],[-6.4798,54.0672],[-6.4814,54.0719],[-6.4778,54.0771],[-6.4506,54.0675],[-6.4483,54.061],[-6.443,54.0576],[-6.4181,54.0624],[-6.3925,54.0603],[-6.3871,54.0617],[-6.3839,54.0678],[-6.3673,54.0702],[-6.3623,54.0793],[-6.3637,54.0902],[-6.3624,54.0968],[-6.3662,54.101],[-6.3682,54.1113],[-6.3635,54.1137],[-6.354,54.1106],[-6.3457,54.1135],[-6.3399,54.1119],[-6.3347,54.1055],[-6.3363,54.0947],[-6.3191,54.091],[-6.3132,54.0961],[-6.309,54.1067],[-6.2952,54.1096],[-6.2919,54.1122],[-6.2817,54.1108],[-6.2686,54.101],[-6.2593,54.0898],[-6.2538,54.0878],[-6.246,54.0776],[-6.2284,54.0695],[-6.2179,54.0675],[-6.2021,54.061],[-6.1947,54.0557],[-6.1857,54.0413],[-6.1781,54.0424],[-6.1726,54.0373],[-6.1602,54.0327],[-6.155,54.0289],[-6.1433,54.0275],[-6.1328,54.0349],[-6.1292,54.0307],[-6.1293,54.0217],[-6.1262,54.0168],[-6.1032,54.0002],[-6.1101,53.9962],[-6.1327,53.9873],[-6.1402,53.9807],[-6.1492,53.9816],[-6.1647,53.9771],[-6.1785,53.9802],[-6.1853,53.9788],[-6.2007,53.9802],[-6.2154,53.9846],[-6.2286,53.9868],[-6.2382,53.9847],[-6.2514,53.9882],[-6.2553,53.9921],[-6.2692,53.9947],[-6.2861,54.0018],[-6.2995,54.0097],[-6.3218,54.0142],[-6.3469,54.0114],[-6.355,54.0206],[-6.363,54.0256],[-6.3687,54.0238],[-6.3612,54.0141],[-6.3812,54.0128],[-6.3702,54.0074],[-6.349,54.0083],[-6.3416,54.0041],[-6.3385,53.998],[-6.3411,53.9921],[-6.3471,53.9881],[-6.3593,53.9853],[-6.3659,53.9785],[-6.36,53.9734],[-6.3675,53.9569],[-6.3769,53.9565],[-6.3797,53.9441],[-6.3746,53.9413],[-6.3734,53.9282],[-6.3761,53.922],[-6.3698,53.9046],[-6.3576,53.8913],[-6.3451,53.885],[-6.3317,53.8761],[-6.3175,53.8757],[-6.3037,53.8788],[-6.2896,53.8714],[-6.2808,53.8695],[-6.2683,53.871],[-6.255,53.8636],[-6.2461,53.8643],[-6.238,53.8602],[-6.2492,53.8517],[-6.2606,53.8261],[-6.2595,53.8061],[-6.2448,53.7995],[-6.2318,53.7999],[-6.2164,53.7959],[-6.2242,53.7896],[-6.2322,53.7893],[-6.237,53.7823],[-6.2478,53.7585],[-6.2497,53.751],[-6.2507,53.7327],[-6.2472,53.7235],[-6.2388,53.7217],[-6.2509,53.724],[-6.2567,53.73],[-6.268,53.7321],[-6.2943,53.7214],[-6.3106,53.7203],[-6.3232,53.7163],[-6.3144,53.706],[-6.3218,53.7026],[-6.331,53.7073],[-6.3553,53.7056],[-6.3654,53.703],[-6.3736,53.6986],[-6.3811,53.7095],[-6.381,53.7145],[-6.389,53.7146],[-6.398,53.7193],[-6.4183,53.7258],[-6.4263,53.725],[-6.4275,53.7207],[-6.436,53.7155],[-6.4428,53.7161],[-6.4556,53.713],[-6.4641,53.7133],[-6.4696,53.7211],[-6.4791,53.7259],[-6.4811,53.7303],[-6.4595,53.75],[-6.4478,53.7576],[-6.4549,53.7664],[-6.4676,53.7698],[-6.4785,53.7698],[-6.516,53.7667],[-6.5285,53.7691],[-6.5277,53.7742],[-6.5371,53.7801],[-6.5478,53.778],[-6.5537,53.7951],[-6.5716,53.7977],[-6.5795,53.8026],[-6.5835,53.8163],[-6.5786,53.8198],[-6.5822,53.8278],[-6.5922,53.8322],[-6.5986,53.8397],[-6.5935,53.8517],[-6.6021,53.8634],[-6.6207,53.8751],[-6.6264,53.8798],[-6.6369,53.8794],[-6.6439,53.8834],[-6.6571,53.8843],[-6.665,53.8915],[-6.6789,53.893],[-6.686,53.9008],[-6.6952,53.9017],[-6.6938,53.9064],[-6.6849,53.9122],[-6.6726,53.9094],[-6.6658,53.9132],[-6.6474,53.9161],[-6.6442,53.924],[-6.6303,53.9268],[-6.6333,53.9328],[-6.6449,53.9345],[-6.6603,53.9417],[-6.648,53.9458],[-6.6592,53.9529],[-6.6568,53.9571],[-6.6613,53.9625],[-6.6375,53.9647],[-6.636,53.969],[-6.6403,53.9751],[-6.6264,53.9754],[-6.6198,53.9839],[-6.6076,53.9806],[-6.593,53.9746],[-6.5913,53.9706],[-6.5684,53.9709],[-6.5622,53.9787],[-6.568,53.9817],[-6.5586,53.9877],[-6.5562,53.9948],[-6.5628,53.999],[-6.5511,54.0027],[-6.5498,54.0059],[-6.5582,54.0101],[-6.5576,54.0142],[-6.5662,54.0171],[-6.5708,54.0258],[-6.5792,54.0302],[-6.5729,54.033],[-6.5951,54.0445]]]},"properties":{"stroke":"#000000","stroke-opacity":0.5,"stroke-width":1,"fill":"#FF0000","fill-opacity":0.5,"OSM_ID":-1763195,"NAME_TAG":"Louth","NAME_GA":"Contae L\u00fa","NAME_EN":"County Louth","ALT_NAME":null,"ALT_NAME_G":null,"LOGAINM_RE":"100021","OSM_USER":"mackerski","OSM_TIMEST":"2011-09-23 23:52:43+02","ATTRIBUTIO":null,"T_IE_URL":"http://www.townlands.ie/louth","AREA":826385807.070225,"LATITUDE":53.9095912368459,"LONGITUDE":-6.41406518368254,"EPOCH_TSTM":1316814763}},{"type":"Feature","geometry":{"type":"MultiPolygon","coordinates":[[[[-8.3829,54.4651],[-8.3825,54.4648],[-8.3813,54.4643],[-8.3787,54.4516],[-8.4016,54.446],[-8.4094,54.44],[-8.4083,54.4307],[-8.4188,54.4271],[-8.4277,54.4211],[-8.4198,54.4149],[-8.4136,54.4144],[-8.3949,54.4184],[-8.3953,54.428],[-8.378,54.4261],[-8.3642,54.4219],[-8.3536,54.4242],[-8.3445,54.4213],[-8.3498,54.4149],[-8.3464,54.4127],[-8.3487,54.405],[-8.359,54.3967],[-8.3603,54.3872],[-8.3666,54.3745],[-8.3652,54.372],[-8.3933,54.3596],[-8.3995,54.3599],[-8.3918,54.3501],[-8.3932,54.348],[-8.391,54.3343],[-8.3863,54.3291],[-8.3897,54.3202],[-8.3758,54.3139],[-8.3556,54.3127],[-8.3542,54.3076],[-8.3486,54.3049],[-8.3463,54.2985],[-8.3436,54.2803],[-8.346,54.2704],[-8.341,54.2495],[-8.336,54.2493],[-8.3334,54.2409],[-8.3407,54.2237],[-8.3343,54.2174],[-8.3391,54.2037],[-8.3477,54.2002],[-8.3337,54.1969],[-8.3341,54.1926],[-8.3168,54.1888],[-8.322,54.1802],[-8.3219,54.1746],[-8.3137,54.1672],[-8.3035,54.1671],[-8.2813,54.1526],[-8.2608,54.1532],[-8.2603,54.157],[-8.2512,54.1593],[-8.2384,54.1549],[-8.2285,54.1549],[-8.2173,54.1452],[-8.2161,54.1405],[-8.2036,54.1343],[-8.1915,54.1303],[-8.1729,54.1119],[-8.1635,54.109],[-8.1547,54.102],[-8.1651,54.1017],[-8.1774,54.0879],[-8.1849,54.0861],[-8.1945,54.0875],[-8.2198,54.0833],[-8.2198,54.077],[-8.215,54.0682],[-8.2185,54.0615],[-8.2395,54.0578],[-8.2391,54.0492],[-8.2346,54.0434],[-8.2384,54.0398],[-8.2463,54.0412],[-8.2551,54.0504],[-8.2633,54.0533],[-8.272,54.0493],[-8.2856,54.0379],[-8.2949,54.0447],[-8.3029,54.0376],[-8.312,54.0184],[-8.3059,54.0166],[-8.3097,54.0115],[-8.317,54.0095],[-8.3151,54.0046],[-8.3454,53.9993],[-8.3663,54.0046],[-8.3749,54.0044],[-8.3755,53.9996],[-8.3825,53.9986],[-8.3945,54.0003],[-8.4008,53.9967],[-8.3909,53.9924],[-8.3846,53.9857],[-8.387,53.9732],[-8.3928,53.9648],[-8.4102,53.9671],[-8.4229,53.9621],[-8.4043,53.9601],[-8.4062,53.9566],[-8.3769,53.9515],[-8.3608,53.948],[-8.3602,53.9513],[-8.3468,53.951],[-8.3479,53.9415],[-8.3424,53.9401],[-8.3337,53.9306],[-8.3363,53.9264],[-8.3658,53.9272],[-8.3737,53.9251],[-8.3845,53.9273],[-8.393,53.9253],[-8.4059,53.9268],[-8.4453,53.9267],[-8.451,53.9228],[-8.4478,53.9151],[-8.4512,53.9135],[-8.469,53.913],[-8.4771,53.921],[-8.4881,53.9215],[-8.5019,53.9261],[-8.5179,53.9259],[-8.5231,53.9331],[-8.5197,53.9406],[-8.5303,53.9531],[-8.5368,53.9576],[-8.551,53.9531],[-8.568,53.9523],[-8.5851,53.9538],[-8.5901,53.9653],[-8.5942,53.9669],[-8.593,53.9764],[-8.5899,53.9794],[-8.5931,53.9921],[-8.5896,53.9987],[-8.5898,54.0058],[-8.5828,54.0129],[-8.5984,54.0166],[-8.6102,54.0211],[-8.6177,54.0212],[-8.6474,54.0335],[-8.6497,54.0388],[-8.661,54.0356],[-8.6651,54.0312],[-8.6824,54.0297],[-8.6754,54.0185],[-8.6814,54.0116],[-8.6916,54.0065],[-8.7008,54.0054],[-8.7066,54.0008],[-8.7057,53.9968],[-8.7135,53.9877],[-8.7245,53.9873],[-8.7385,53.9947],[-8.7512,53.9828],[-8.7557,53.9759],[-8.7664,53.9767],[-8.781,53.9745],[-8.7825,53.9663],[-8.8109,53.9655],[-8.8452,53.9722],[-8.849,53.971],[-8.8614,53.9806],[-8.864,53.99],[-8.8783,53.9893],[-8.8785,53.9959],[-8.8887,54.007],[-8.8832,54.0209],[-8.8953,54.022],[-8.9087,54.0137],[-8.9238,54.0089],[-8.9422,54.0096],[-8.9475,54.0166],[-8.9601,54.0244],[-8.969,54.0271],[-8.9775,54.0242],[-8.9864,54.0264],[-9.0122,54.0241],[-9.011,54.0316],[-9.0159,54.0342],[-9.0154,54.0495],[-9.0062,54.0582],[-8.9995,54.0587],[-8.9832,54.0683],[-8.97,54.0731],[-8.9664,54.0803],[-8.9702,54.086],[-8.9549,54.0898],[-8.96,54.1023],[-8.9536,54.1045],[-8.9354,54.1061],[-8.9234,54.1118],[-8.9169,54.1182],[-8.9223,54.1252],[-8.9374,54.1275],[-8.9436,54.1324],[-8.9368,54.1431],[-8.9552,54.1449],[-8.9645,54.1483],[-8.9925,54.1496],[-9.0022,54.1514],[-9.021,54.159],[-9.0306,54.1571],[-9.0526,54.1568],[-9.0567,54.1465],[-9.0677,54.1453],[-9.0843,54.146],[-9.0898,54.143],[-9.1045,54.144],[-9.1029,54.1492],[-9.121,54.1552],[-9.1328,54.1626],[-9.1319,54.1719],[-9.1366,54.1778],[-9.1251,54.182],[-9.1278,54.1955],[-9.1194,54.2018],[-9.1342,54.2033],[-9.1272,54.2093],[-9.1005,54.2117],[-9.0951,54.2142],[-9.0966,54.2253],[-9.0777,54.2443],[-9.0658,54.2598],[-9.0645,54.2664],[-9.0539,54.2741],[-9.0553,54.2782],[-9.0513,54.2868],[-9.0536,54.2944],[-9.0385,54.2934],[-9.0249,54.2963],[-9.0169,54.2961],[-9.0097,54.2926],[-8.9985,54.2919],[-8.9917,54.2945],[-8.9737,54.2912],[-8.9636,54.294],[-8.9518,54.2919],[-8.9271,54.2904],[-8.9054,54.2828],[-8.8939,54.2723],[-8.8783,54.2676],[-8.8734,54.269],[-8.8652,54.2622],[-8.8568,54.2639],[-8.8442,54.2572],[-8.827,54.2529],[-8.8041,54.2574],[-8.7934,54.2611],[-8.785,54.2714],[-8.7732,54.2769],[-8.7614,54.2793],[-8.7536,54.2776],[-8.7565,54.269],[-8.7408,54.2675],[-8.7251,54.2628],[-8.7143,54.266],[-8.7001,54.2677],[-8.6968,54.2705],[-8.6822,54.2732],[-8.6563,54.2706],[-8.6457,54.261],[-8.6434,54.2531],[-8.6472,54.2511],[-8.6348,54.2458],[-8.628,54.2378],[-8.6129,54.2342],[-8.6049,54.2296],[-8.6044,54.2228],[-8.592,54.2221],[-8.5877,54.2094],[-8.5798,54.2072],[-8.5734,54.2116],[-8.5766,54.2165],[-8.5647,54.2161],[-8.5472,54.2183],[-8.5373,54.2154],[-8.5246,54.217],[-8.5304,54.2223],[-8.5416,54.2251],[-8.5446,54.2302],[-8.5581,54.2296],[-8.5673,54.231],[-8.5743,54.2374],[-8.5721,54.2396],[-8.5882,54.2524],[-8.5976,54.2533],[-8.6052,54.2612],[-8.6172,54.2596],[-8.6214,54.2622],[-8.6133,54.267],[-8.6013,54.2815],[-8.592,54.2839],[-8.584,54.2763],[-8.5598,54.2772],[-8.545,54.2803],[-8.521,54.2781],[-8.5063,54.2831],[-8.4913,54.2822],[-8.4769,54.2741],[-8.4752,54.2779],[-8.4803,54.2871],[-8.4893,54.2884],[-8.4916,54.2921],[-8.5268,54.3034],[-8.5376,54.3021],[-8.553,54.3058],[-8.5726,54.3046],[-8.5708,54.3105],[-8.5736,54.3222],[-8.5664,54.3251],[-8.5301,54.315],[-8.5152,54.3141],[-8.5081,54.3155],[-8.5007,54.3232],[-8.5114,54.3279],[-8.5258,54.3298],[-8.5338,54.3326],[-8.5445,54.3334],[-8.5518,54.3408],[-8.5586,54.3425],[-8.5713,54.342],[-8.576,54.3439],[-8.5949,54.343],[-8.6025,54.3385],[-8.6156,54.3379],[-8.6194,54.3349],[-8.6344,54.3356],[-8.6472,54.3314],[-8.6436,54.3274],[-8.6463,54.3229],[-8.6563,54.3238],[-8.6552,54.3302],[-8.649,54.3358],[-8.6578,54.3432],[-8.6683,54.3467],[-8.6752,54.3619],[-8.6667,54.3621],[-8.6601,54.3656],[-8.6406,54.3712],[-8.6217,54.3711],[-8.6191,54.3791],[-8.5999,54.3842],[-8.5917,54.3849],[-8.5813,54.3904],[-8.5716,54.3913],[-8.5698,54.4],[-8.5729,54.404],[-8.568,54.4099],[-8.5621,54.4052],[-8.5418,54.4074],[-8.5274,54.4141],[-8.5162,54.4245],[-8.5107,54.4227],[-8.5311,54.4104],[-8.534,54.4075],[-8.5544,54.4031],[-8.5507,54.3974],[-8.5284,54.4034],[-8.5196,54.4108],[-8.5107,54.4138],[-8.4928,54.4172],[-8.482,54.4318],[-8.4753,54.4338],[-8.4664,54.4402],[-8.468,54.4463],[-8.4784,54.4539],[-8.4759,54.4573],[-8.4655,54.4617],[-8.469,54.4698],[-8.4545,54.473],[-8.4471,54.4667],[-8.4509,54.4596],[-8.4391,54.4549],[-8.4266,54.4547],[-8.416,54.4565],[-8.401,54.4632],[-8.3829,54.4651]]],[[[-8.5995,54.2996],[-8.5927,54.3057],[-8.5852,54.3043],[-8.5821,54.2982],[-8.5842,54.2891],[-8.5951,54.2888],[-8.5937,54.2987],[-8.5995,54.2996]]],[[[-8.6724,54.4327],[-8.6641,54.4361],[-8.6503,54.4352],[-8.6512,54.431],[-8.666,54.4282],[-8.6724,54.4327]]],[[[-8.5045,54.426],[-8.4976,54.4268],[-8.4907,54.4213],[-8.4985,54.418],[-8.5045,54.426]]]]},"properties":{"stroke":"#000000","stroke-opacity":0.5,"stroke-width":1,"fill":"#000000","fill-opacity":0.5,"OSM_ID":-335330,"NAME_TAG":"Sligo","NAME_GA":"Contae Shligigh","NAME_EN":"County Sligo","ALT_NAME":null,"ALT_NAME_G":null,"LOGAINM_RE":"100028","OSM_USER":"Polarbear","OSM_TIMEST":"2009-11-24 15:30:31+01","ATTRIBUTIO":null,"T_IE_URL":"http://www.townlands.ie/sligo","AREA":1836173590.49,"LATITUDE":54.1574652189361,"LONGITUDE":-8.62352035466714,"EPOCH_TSTM":1259073031}},{"type":"Feature","geometry":{"type":"Polygon","coordinates":[[[-7.9698,53.5218],[-7.9479,53.5253],[-7.9388,53.5282],[-7.9213,53.5429],[-7.9145,53.5447],[-7.8937,53.543],[-7.8577,53.5492],[-7.8362,53.5389],[-7.8323,53.5424],[-7.8198,53.5443],[-7.8054,53.5384],[-7.7956,53.5365],[-7.7857,53.5386],[-7.7746,53.5354],[-7.7597,53.5353],[-7.7468,53.5272],[-7.7231,53.5304],[-7.72,53.5352],[-7.7053,53.5385],[-7.6819,53.5333],[-7.6749,53.5293],[-7.661,53.5339],[-7.6573,53.5404],[-7.6565,53.5516],[-7.661,53.5585],[-7.6499,53.5628],[-7.6382,53.5749],[-7.6305,53.5791],[-7.631,53.5873],[-7.6278,53.5911],[-7.6189,53.5893],[-7.6107,53.5917],[-7.6012,53.5985],[-7.6084,53.6067],[-7.5973,53.6131],[-7.5824,53.6141],[-7.5757,53.6108],[-7.5613,53.6125],[-7.5625,53.6172],[-7.5697,53.6222],[-7.5649,53.6294],[-7.5699,53.6352],[-7.5793,53.6403],[-7.5961,53.6442],[-7.6063,53.6484],[-7.6151,53.6488],[-7.6113,53.6597],[-7.5925,53.657],[-7.5692,53.6464],[-7.5647,53.652],[-7.5743,53.6594],[-7.5709,53.662],[-7.5683,53.6713],[-7.5489,53.6693],[-7.542,53.6721],[-7.5388,53.6767],[-7.5307,53.6811],[-7.5348,53.685],[-7.5263,53.6899],[-7.5282,53.7],[-7.5176,53.6954],[-7.5096,53.6988],[-7.5169,53.705],[-7.5158,53.7085],[-7.4947,53.7014],[-7.4859,53.7025],[-7.4835,53.7093],[-7.4666,53.7121],[-7.4586,53.7204],[-7.4587,53.7298],[-7.4475,53.729],[-7.438,53.7309],[-7.4296,53.7349],[-7.4165,53.724],[-7.4065,53.7259],[-7.4042,53.7336],[-7.3935,53.7324],[-7.3857,53.7356],[-7.3864,53.7417],[-7.3837,53.751],[-7.38,53.7543],[-7.3772,53.7634],[-7.3829,53.7641],[-7.3845,53.771],[-7.3957,53.7726],[-7.3984,53.7703],[-7.4101,53.779],[-7.3976,53.7788],[-7.3808,53.7853],[-7.3773,53.7848],[-7.3436,53.7991],[-7.3419,53.7926],[-7.3362,53.788],[-7.3165,53.7887],[-7.3156,53.7844],[-7.2923,53.7785],[-7.2809,53.7692],[-7.2825,53.7674],[-7.2732,53.759],[-7.273,53.7553],[-7.2577,53.7453],[-7.2437,53.7425],[-7.2382,53.7359],[-7.2298,53.7339],[-7.2318,53.7278],[-7.2385,53.7208],[-7.2375,53.7153],[-7.23,53.7108],[-7.2263,53.7033],[-7.2135,53.7025],[-7.2101,53.6962],[-7.2035,53.6997],[-7.1938,53.6937],[-7.1741,53.6882],[-7.158,53.6851],[-7.1478,53.6847],[-7.1303,53.674],[-7.1205,53.6829],[-7.1121,53.6747],[-7.1096,53.6691],[-7.0965,53.6643],[-7.0964,53.6614],[-7.0738,53.6481],[-7.0651,53.6455],[-7.0598,53.649],[-7.0502,53.6594],[-7.0303,53.6603],[-7.0234,53.6718],[-7.0083,53.6669],[-7.0044,53.6684],[-7.003,53.6769],[-6.99,53.676],[-6.9824,53.6723],[-6.9728,53.6581],[-6.964,53.6559],[-6.9563,53.6503],[-6.9631,53.6416],[-6.9655,53.6312],[-6.9786,53.6276],[-6.9886,53.6187],[-6.9881,53.613],[-6.9803,53.6077],[-6.9871,53.59],[-6.9956,53.5891],[-6.9963,53.5852],[-6.9896,53.5781],[-6.995,53.5763],[-7.014,53.5782],[-7.0238,53.5748],[-7.031,53.5677],[-7.0355,53.5571],[-7.0304,53.551],[-7.0179,53.5447],[-7.0219,53.5367],[-7.0229,53.5224],[-7.037,53.5133],[-7.0388,53.5087],[-7.0354,53.5036],[-7.0427,53.5003],[-7.0653,53.497],[-7.0689,53.4951],[-7.062,53.4869],[-7.0662,53.4835],[-7.0673,53.4771],[-7.0631,53.4688],[-7.0745,53.467],[-7.0826,53.4633],[-7.0952,53.4532],[-7.1236,53.446],[-7.1502,53.4498],[-7.1557,53.4469],[-7.1586,53.4392],[-7.1839,53.4342],[-7.1949,53.4348],[-7.1924,53.4233],[-7.2084,53.4224],[-7.2137,53.418],[-7.2116,53.4112],[-7.2212,53.4057],[-7.2319,53.4054],[-7.254,53.3989],[-7.2681,53.3977],[-7.2758,53.3996],[-7.2787,53.3936],[-7.3163,53.3742],[-7.3286,53.3659],[-7.3413,53.3644],[-7.3424,53.3586],[-7.3596,53.3501],[-7.3655,53.3487],[-7.3679,53.3411],[-7.3874,53.3358],[-7.3992,53.3301],[-7.4232,53.3347],[-7.4281,53.332],[-7.4446,53.3285],[-7.4454,53.3205],[-7.4561,53.318],[-7.4632,53.3282],[-7.4723,53.3327],[-7.4848,53.329],[-7.4925,53.3294],[-7.4963,53.3344],[-7.4938,53.3408],[-7.5087,53.3447],[-7.5149,53.3437],[-7.5281,53.3472],[-7.5314,53.34],[-7.5308,53.3339],[-7.5371,53.3271],[-7.5403,53.3361],[-7.5571,53.3476],[-7.5626,53.3475],[-7.5684,53.3679],[-7.5657,53.3724],[-7.5671,53.3787],[-7.5819,53.3871],[-7.5784,53.3926],[-7.591,53.399],[-7.605,53.4005],[-7.6068,53.4115],[-7.6131,53.4114],[-7.6243,53.4181],[-7.6275,53.4136],[-7.6452,53.4111],[-7.6485,53.4049],[-7.664,53.409],[-7.6662,53.4017],[-7.6782,53.401],[-7.6799,53.3941],[-7.689,53.3943],[-7.6961,53.3812],[-7.7017,53.383],[-7.7139,53.3709],[-7.7038,53.3664],[-7.7173,53.3601],[-7.7507,53.3521],[-7.7622,53.3481],[-7.7721,53.347],[-7.7944,53.3531],[-7.8045,53.3504],[-7.8184,53.3545],[-7.8369,53.3536],[-7.8466,53.3412],[-7.8546,53.3471],[-7.8671,53.3468],[-7.8827,53.349],[-7.8932,53.3537],[-7.8971,53.3577],[-7.9086,53.3628],[-7.9233,53.3632],[-7.9102,53.3711],[-7.9135,53.3787],[-7.9232,53.3884],[-7.9232,53.3934],[-7.9299,53.3996],[-7.9404,53.4037],[-7.9428,53.4123],[-7.9727,53.4222],[-7.9561,53.4312],[-7.96,53.4427],[-7.9666,53.4497],[-7.955,53.4811],[-7.9698,53.5218]]]},"properties":{"stroke":"#000000","stroke-opacity":0.5,"stroke-width":1,"fill":"#800000","fill-opacity":0.5,"OSM_ID":-335446,"NAME_TAG":"Westmeath","NAME_GA":"Contae na hIarmh\u00ed","NAME_EN":"County Westmeath","ALT_NAME":null,"ALT_NAME_G":null,"LOGAINM_RE":"100016","OSM_USER":"Polarbear","OSM_TIMEST":"2009-11-24 21:11:55+01","ATTRIBUTIO":null,"T_IE_URL":"http://www.townlands.ie/westmeath","AREA":1838694493.68158,"LATITUDE":53.5286013547468,"LONGITUDE":-7.44317915423816,"EPOCH_TSTM":1259093515}},{"type":"Feature","geometry":{"type":"Polygon","coordinates":[[[-7.392,54.9454],[-7.3837,54.944],[-7.371,54.928],[-7.3706,54.92],[-7.3573,54.915],[-7.3452,54.9161],[-7.3228,54.9146],[-7.3168,54.9196],[-7.3015,54.9249],[-7.2958,54.9208],[-7.2708,54.9201],[-7.2597,54.9181],[-7.2585,54.9141],[-7.2631,54.9049],[-7.2704,54.899],[-7.2727,54.8929],[-7.2697,54.888],[-7.2486,54.8864],[-7.2435,54.8838],[-7.2298,54.8873],[-7.2141,54.8854],[-7.2034,54.8874],[-7.1982,54.886],[-7.1977,54.878],[-7.2045,54.8748],[-7.2064,54.8673],[-7.1944,54.8599],[-7.2039,54.8538],[-7.1912,54.8461],[-7.1781,54.8536],[-7.1586,54.8526],[-7.1573,54.8485],[-7.1473,54.8443],[-7.1298,54.834],[-7.1225,54.8277],[-7.1098,54.8253],[-7.1031,54.8212],[-7.1016,54.813],[-7.0929,54.8184],[-7.0763,54.8154],[-7.064,54.811],[-7.0542,54.8123],[-7.0396,54.8198],[-7.0042,54.8208],[-6.9873,54.833],[-6.9747,54.8287],[-6.9652,54.831],[-6.9527,54.8306],[-6.9472,54.8336],[-6.9366,54.8309],[-6.9196,54.8211],[-6.9121,54.8203],[-6.9121,54.8132],[-6.9219,54.8043],[-6.906,54.7914],[-6.9034,54.7833],[-6.9124,54.7769],[-6.9273,54.7729],[-6.9399,54.7736],[-6.936,54.7662],[-6.9408,54.7524],[-6.9679,54.7442],[-6.9705,54.7372],[-6.9572,54.7308],[-6.949,54.7302],[-6.9352,54.7345],[-6.9282,54.7301],[-6.9179,54.7347],[-6.9089,54.7341],[-6.8866,54.7283],[-6.8645,54.7362],[-6.8445,54.738],[-6.8303,54.7411],[-6.8266,54.7359],[-6.8276,54.7258],[-6.8088,54.7166],[-6.8052,54.7086],[-6.787,54.703],[-6.7762,54.6925],[-6.7767,54.6871],[-6.7641,54.6838],[-6.7604,54.6793],[-6.7495,54.6754],[-6.7405,54.6689],[-6.7402,54.66],[-6.7311,54.6577],[-6.7284,54.6621],[-6.7199,54.6607],[-6.7206,54.6518],[-6.6886,54.6565],[-6.685,54.6488],[-6.694,54.648],[-6.6937,54.6422],[-6.7034,54.6434],[-6.711,54.6473],[-6.7191,54.6365],[-6.7131,54.6283],[-6.7009,54.6319],[-6.6795,54.6342],[-6.6807,54.6427],[-6.6691,54.6425],[-6.6631,54.6391],[-6.6509,54.6382],[-6.6539,54.6339],[-6.6406,54.63],[-6.633,54.633],[-6.6321,54.6381],[-6.6228,54.6391],[-6.6233,54.6471],[-6.6172,54.6519],[-6.6113,54.6508],[-6.5988,54.6568],[-6.5906,54.6552],[-6.5837,54.6605],[-6.5721,54.6645],[-6.5668,54.6587],[-6.5562,54.6563],[-6.543,54.6572],[-6.5327,54.6658],[-6.5162,54.6699],[-6.4692,54.6854],[-6.4066,54.6489],[-6.4127,54.628],[-6.4251,54.5675],[-6.5407,54.5429],[-6.5786,54.5177],[-6.577,54.5128],[-6.5892,54.5071],[-6.5924,54.5033],[-6.602,54.5031],[-6.6108,54.5072],[-6.6214,54.5027],[-6.6293,54.5039],[-6.6374,54.4975],[-6.6398,54.4905],[-6.6507,54.4868],[-6.6526,54.4787],[-6.6497,54.4702],[-6.6607,54.4642],[-6.6677,54.4631],[-6.6698,54.4555],[-6.6866,54.4443],[-6.6964,54.4429],[-6.6978,54.4371],[-6.6939,54.4294],[-6.7039,54.4268],[-6.7046,54.4076],[-6.7197,54.4019],[-6.7281,54.4017],[-6.734,54.4089],[-6.7627,54.4074],[-6.7709,54.4139],[-6.792,54.4155],[-6.7997,54.4085],[-6.8006,54.403],[-6.8079,54.3974],[-6.8043,54.3901],[-6.8073,54.3864],[-6.8045,54.3798],[-6.8115,54.3752],[-6.8152,54.3652],[-6.8271,54.3581],[-6.8327,54.3514],[-6.8369,54.3357],[-6.8548,54.3294],[-6.8639,54.3301],[-6.8723,54.3348],[-6.8774,54.3468],[-6.8865,54.3461],[-6.893,54.3511],[-6.904,54.3496],[-6.9046,54.3578],[-6.9107,54.3657],[-6.907,54.3698],[-6.9113,54.3747],[-6.922,54.3787],[-6.9309,54.3758],[-6.9371,54.3832],[-6.9498,54.3902],[-6.9596,54.3922],[-6.9588,54.3975],[-6.9674,54.4014],[-6.9753,54.4],[-6.9768,54.4061],[-6.9822,54.4095],[-6.9913,54.4066],[-7,54.4065],[-7.0007,54.4132],[-7.0165,54.4154],[-7.0287,54.4213],[-7.0421,54.4154],[-7.0537,54.4122],[-7.0637,54.3993],[-7.0701,54.3954],[-7.0707,54.3903],[-7.084,54.3816],[-7.0844,54.3787],[-7.1047,54.3693],[-7.1092,54.3657],[-7.1022,54.3605],[-7.1039,54.3557],[-7.1254,54.3497],[-7.1289,54.3452],[-7.1365,54.3446],[-7.1523,54.3353],[-7.1665,54.3363],[-7.1815,54.3398],[-7.1888,54.3376],[-7.1944,54.3419],[-7.2009,54.3373],[-7.2253,54.3321],[-7.2271,54.3269],[-7.2463,54.327],[-7.2586,54.333],[-7.2612,54.3404],[-7.272,54.3443],[-7.2711,54.3611],[-7.2764,54.364],[-7.2805,54.3715],[-7.2879,54.3717],[-7.3027,54.3674],[-7.3113,54.3712],[-7.3301,54.3704],[-7.3313,54.3784],[-7.3408,54.3844],[-7.3359,54.3871],[-7.3381,54.3921],[-7.3292,54.3981],[-7.3317,54.405],[-7.3449,54.4085],[-7.3503,54.4162],[-7.3578,54.422],[-7.3624,54.4326],[-7.3671,54.4375],[-7.3767,54.4366],[-7.3981,54.4404],[-7.4215,54.4402],[-7.4247,54.4333],[-7.4437,54.4262],[-7.4712,54.4214],[-7.4797,54.4165],[-7.4932,54.414],[-7.4951,54.4113],[-7.5091,54.4054],[-7.5165,54.4115],[-7.5282,54.4138],[-7.5326,54.4186],[-7.5279,54.4217],[-7.5383,54.4256],[-7.5409,54.4298],[-7.5525,54.4381],[-7.5601,54.4352],[-7.5775,54.4338],[-7.5844,54.4313],[-7.5958,54.4368],[-7.604,54.4345],[-7.6081,54.4388],[-7.6244,54.442],[-7.6249,54.4543],[-7.6205,54.4592],[-7.6185,54.4713],[-7.6291,54.4744],[-7.6345,54.4783],[-7.6335,54.4853],[-7.6215,54.4878],[-7.6105,54.4933],[-7.5987,54.4924],[-7.5818,54.4976],[-7.581,54.5032],[-7.5713,54.5126],[-7.5721,54.5194],[-7.5651,54.5248],[-7.5618,54.537],[-7.558,54.544],[-7.5435,54.5443],[-7.5309,54.5521],[-7.5281,54.5558],[-7.5378,54.5613],[-7.5457,54.57],[-7.5523,54.5698],[-7.581,54.5647],[-7.5993,54.5658],[-7.6043,54.574],[-7.62,54.577],[-7.6266,54.5847],[-7.6427,54.5849],[-7.6568,54.5826],[-7.6652,54.583],[-7.6726,54.588],[-7.6794,54.5998],[-7.6761,54.6033],[-7.6903,54.6073],[-7.7033,54.6087],[-7.6979,54.6099],[-7.6945,54.6184],[-7.7064,54.6196],[-7.7034,54.6274],[-7.7046,54.632],[-7.7249,54.6276],[-7.7428,54.62],[-7.754,54.6191],[-7.7575,54.6249],[-7.7713,54.6214],[-7.7837,54.6332],[-7.8013,54.6334],[-7.8085,54.6397],[-7.8166,54.6418],[-7.8286,54.633],[-7.8393,54.6342],[-7.8511,54.6307],[-7.8508,54.6361],[-7.857,54.6385],[-7.8542,54.6436],[-7.8567,54.6506],[-7.8772,54.6557],[-7.8934,54.6566],[-7.9099,54.6683],[-7.9133,54.6765],[-7.8976,54.6868],[-7.9074,54.6893],[-7.9108,54.6932],[-7.9209,54.696],[-7.918,54.7028],[-7.9111,54.7011],[-7.8901,54.7035],[-7.8797,54.7026],[-7.8551,54.7268],[-7.8363,54.7363],[-7.8176,54.7338],[-7.8171,54.7293],[-7.8049,54.7187],[-7.7936,54.7199],[-7.7804,54.7171],[-7.7783,54.7105],[-7.7462,54.7044],[-7.7352,54.7169],[-7.7271,54.7187],[-7.7116,54.7261],[-7.6975,54.7263],[-7.6762,54.7331],[-7.6594,54.7418],[-7.6366,54.7515],[-7.6174,54.7435],[-7.6008,54.746],[-7.5889,54.7447],[-7.5867,54.7499],[-7.577,54.7503],[-7.5784,54.7419],[-7.5572,54.7451],[-7.5491,54.7405],[-7.5359,54.7482],[-7.5475,54.7553],[-7.5462,54.7619],[-7.5476,54.7745],[-7.5432,54.7796],[-7.5445,54.7867],[-7.5492,54.7894],[-7.5419,54.7984],[-7.5279,54.8026],[-7.5281,54.8078],[-7.5178,54.8081],[-7.5008,54.8175],[-7.484,54.8238],[-7.4811,54.8313],[-7.4727,54.8338],[-7.47,54.8397],[-7.4558,54.8546],[-7.4553,54.8601],[-7.4442,54.8694],[-7.4419,54.8756],[-7.4451,54.8852],[-7.4515,54.8934],[-7.4514,54.9028],[-7.445,54.9127],[-7.4484,54.931],[-7.4454,54.9367],[-7.4252,54.9432],[-7.4052,54.9422],[-7.392,54.9454]]]},"properties":{"stroke":"#000000","stroke-opacity":0.5,"stroke-width":1,"fill":"#FF0000","fill-opacity":0.5,"OSM_ID":-1117773,"NAME_TAG":"Tyrone","NAME_GA":"Contae Th\u00edr Eoghain","NAME_EN":"County Tyrone","ALT_NAME":null,"ALT_NAME_G":null,"LOGAINM_RE":"100030","OSM_USER":"IrlJidel","OSM_TIMEST":"2010-08-10 00:21:58+02","ATTRIBUTIO":null,"T_IE_URL":"http://www.townlands.ie/tyrone","AREA":3265219517.27042,"LATITUDE":54.611351922923,"LONGITUDE":-7.1600310228368,"EPOCH_TSTM":1281392518}},{"type":"Feature","geometry":{"type":"Polygon","coordinates":[[[-9.3448,52.5896],[-9.337,52.583],[-9.2969,52.5779],[-9.2292,52.6078],[-9.1836,52.6114],[-9.1646,52.6116],[-9.1485,52.6151],[-9.1228,52.6341],[-9.1051,52.6379],[-9.0727,52.6499],[-9.0558,52.6521],[-9.018,52.6496],[-8.9701,52.6663],[-8.9518,52.67],[-8.9012,52.6739],[-8.8334,52.6799],[-8.8164,52.6789],[-8.8028,52.6719],[-8.7885,52.6688],[-8.7735,52.6701],[-8.7611,52.6754],[-8.7423,52.6759],[-8.7161,52.6732],[-8.7068,52.6701],[-8.7028,52.6759],[-8.6971,52.6747],[-8.671,52.6868],[-8.654,52.6901],[-8.6414,52.6883],[-8.6332,52.6846],[-8.6274,52.688],[-8.6182,52.6889],[-8.609,52.6803],[-8.5878,52.6706],[-8.585,52.6763],[-8.5768,52.6781],[-8.5673,52.6757],[-8.5527,52.6787],[-8.5434,52.6831],[-8.5416,52.697],[-8.533,52.7039],[-8.5137,52.7054],[-8.5091,52.7125],[-8.5017,52.7185],[-8.5072,52.7255],[-8.5034,52.7309],[-8.5072,52.7361],[-8.5084,52.7472],[-8.5024,52.7514],[-8.4828,52.7549],[-8.4803,52.7572],[-8.4761,52.7535],[-8.4753,52.7469],[-8.4697,52.739],[-8.469,52.7105],[-8.4651,52.7038],[-8.4662,52.6975],[-8.4573,52.6987],[-8.4555,52.6918],[-8.4495,52.6867],[-8.4403,52.6858],[-8.4276,52.6779],[-8.407,52.69],[-8.396,52.6896],[-8.3866,52.6867],[-8.3848,52.6814],[-8.3699,52.6838],[-8.3609,52.6796],[-8.3376,52.6872],[-8.3062,52.6942],[-8.2847,52.6945],[-8.2814,52.6919],[-8.2531,52.6825],[-8.2544,52.6702],[-8.2335,52.6676],[-8.2305,52.6643],[-8.216,52.6708],[-8.1881,52.6682],[-8.1977,52.6553],[-8.1944,52.6499],[-8.1956,52.6439],[-8.215,52.6328],[-8.2118,52.6287],[-8.213,52.6231],[-8.2193,52.6174],[-8.2165,52.609],[-8.2102,52.6074],[-8.2091,52.6021],[-8.2142,52.595],[-8.2337,52.586],[-8.2353,52.5822],[-8.2255,52.5744],[-8.226,52.5676],[-8.2332,52.5628],[-8.2283,52.5482],[-8.2313,52.5451],[-8.2326,52.5359],[-8.2284,52.5329],[-8.2261,52.526],[-8.2307,52.5168],[-8.2404,52.5123],[-8.2544,52.5099],[-8.2587,52.5199],[-8.2717,52.5171],[-8.2857,52.5215],[-8.2899,52.5143],[-8.3038,52.5087],[-8.3112,52.5107],[-8.3186,52.5059],[-8.3193,52.4894],[-8.3241,52.4812],[-8.3301,52.4805],[-8.338,52.487],[-8.3315,52.4938],[-8.3387,52.4997],[-8.3354,52.5128],[-8.3456,52.5132],[-8.3603,52.5108],[-8.3599,52.5054],[-8.3672,52.5023],[-8.3664,52.498],[-8.3729,52.4944],[-8.3913,52.4907],[-8.396,52.4842],[-8.3913,52.48],[-8.3898,52.4724],[-8.3984,52.47],[-8.4049,52.4655],[-8.3993,52.4509],[-8.3939,52.4412],[-8.3862,52.4328],[-8.3807,52.4357],[-8.3776,52.4416],[-8.3661,52.4455],[-8.3598,52.4391],[-8.3506,52.4336],[-8.3306,52.4403],[-8.3143,52.4361],[-8.3095,52.42],[-8.2948,52.4201],[-8.2839,52.4143],[-8.2813,52.4011],[-8.2713,52.4022],[-8.2595,52.4082],[-8.2316,52.4107],[-8.2263,52.4042],[-8.2282,52.3858],[-8.2178,52.3784],[-8.2147,52.3651],[-8.2034,52.3697],[-8.1931,52.3638],[-8.1681,52.3679],[-8.1648,52.364],[-8.168,52.3498],[-8.1665,52.3458],[-8.1821,52.3341],[-8.183,52.3302],[-8.1785,52.3228],[-8.1672,52.3207],[-8.1633,52.3137],[-8.1656,52.3067],[-8.1599,52.2991],[-8.1688,52.2917],[-8.1833,52.2876],[-8.196,52.2872],[-8.2094,52.2946],[-8.2212,52.2941],[-8.2254,52.2962],[-8.2502,52.2964],[-8.2649,52.2914],[-8.2737,52.2913],[-8.2823,52.2856],[-8.2971,52.2951],[-8.3029,52.3075],[-8.3114,52.3168],[-8.3133,52.3241],[-8.3237,52.3195],[-8.3335,52.3202],[-8.3334,52.3273],[-8.3411,52.3293],[-8.3523,52.3224],[-8.3626,52.32],[-8.3637,52.3087],[-8.3813,52.3043],[-8.3863,52.2947],[-8.4414,52.2926],[-8.4517,52.2874],[-8.4625,52.2872],[-8.4907,52.2842],[-8.5045,52.2806],[-8.5346,52.2862],[-8.5474,52.2925],[-8.5581,52.3074],[-8.5645,52.3062],[-8.5695,52.31],[-8.5795,52.3101],[-8.5854,52.3071],[-8.5913,52.3142],[-8.6051,52.3229],[-8.61,52.3298],[-8.6054,52.3328],[-8.6164,52.3391],[-8.6233,52.3376],[-8.6244,52.3444],[-8.6333,52.3444],[-8.6441,52.3483],[-8.6517,52.3471],[-8.6618,52.3516],[-8.6634,52.3593],[-8.6683,52.3598],[-8.6738,52.3681],[-8.674,52.3836],[-8.6939,52.3779],[-8.7083,52.3773],[-8.7241,52.3711],[-8.7349,52.371],[-8.7478,52.3762],[-8.7582,52.3776],[-8.7623,52.3822],[-8.7807,52.3845],[-8.7931,52.3715],[-8.7999,52.3803],[-8.7996,52.3872],[-8.8224,52.3834],[-8.8279,52.3767],[-8.8289,52.3706],[-8.846,52.3714],[-8.8526,52.3582],[-8.8732,52.3508],[-8.8823,52.3454],[-8.8813,52.3397],[-8.8882,52.3365],[-8.8828,52.3319],[-8.8977,52.3304],[-8.911,52.3247],[-8.9186,52.3249],[-8.9438,52.322],[-8.9627,52.3187],[-8.9864,52.3109],[-8.9848,52.304],[-8.9753,52.2926],[-8.9865,52.2922],[-8.9944,52.2993],[-9.01,52.3104],[-9.0164,52.3119],[-9.022,52.3176],[-9.0343,52.3223],[-9.0459,52.321],[-9.0588,52.3242],[-9.075,52.331],[-9.1099,52.333],[-9.1194,52.3376],[-9.1371,52.3436],[-9.1401,52.3331],[-9.1503,52.3315],[-9.1584,52.3271],[-9.1587,52.3216],[-9.1635,52.3194],[-9.1752,52.3192],[-9.1744,52.3119],[-9.1896,52.3084],[-9.2087,52.3069],[-9.2174,52.2982],[-9.2304,52.3038],[-9.2327,52.3109],[-9.2404,52.3216],[-9.2525,52.3264],[-9.2599,52.3251],[-9.2764,52.3313],[-9.282,52.3311],[-9.2999,52.3346],[-9.3145,52.3456],[-9.3303,52.3549],[-9.339,52.3536],[-9.3477,52.361],[-9.3419,52.3681],[-9.3263,52.3713],[-9.311,52.3763],[-9.3023,52.3821],[-9.3037,52.3898],[-9.3144,52.3921],[-9.3148,52.3972],[-9.3306,52.4027],[-9.3367,52.4024],[-9.3397,52.408],[-9.3376,52.4135],[-9.3265,52.424],[-9.3074,52.4283],[-9.3044,52.4345],[-9.3143,52.4351],[-9.319,52.4425],[-9.3293,52.4468],[-9.3341,52.4582],[-9.34,52.4626],[-9.3379,52.4721],[-9.3224,52.4716],[-9.3162,52.4798],[-9.3184,52.49],[-9.313,52.4955],[-9.2975,52.4959],[-9.305,52.5213],[-9.325,52.5277],[-9.3315,52.5272],[-9.3325,52.535],[-9.3502,52.5449],[-9.3435,52.5501],[-9.3425,52.5558],[-9.3459,52.5609],[-9.3544,52.5621],[-9.3539,52.5674],[-9.3654,52.5722],[-9.3589,52.5814],[-9.3448,52.5896]]]},"properties":{"stroke":"#000000","stroke-opacity":0.5,"stroke-width":1,"fill":"#008000","fill-opacity":0.5,"OSM_ID":-334898,"NAME_TAG":"Limerick","NAME_GA":"Contae Luimnigh","NAME_EN":"County Limerick","ALT_NAME":null,"ALT_NAME_G":null,"LOGAINM_RE":"100022","OSM_USER":"Polarbear","OSM_TIMEST":"2009-11-23 17:13:30+01","ATTRIBUTIO":null,"T_IE_URL":"http://www.townlands.ie/limerick","AREA":2755334429.92319,"LATITUDE":52.4958310128986,"LONGITUDE":-8.7496881613534,"EPOCH_TSTM":1258992810}},{"type":"Feature","geometry":{"type":"Polygon","coordinates":[[[-8.1048,52.2064],[-8.0796,52.2059],[-8.0602,52.2088],[-8.0519,52.2075],[-8.0319,52.2071],[-8.0209,52.2083],[-8.0113,52.2038],[-8.0029,52.2021],[-7.9903,52.2091],[-7.9948,52.217],[-7.9963,52.2258],[-7.9928,52.2281],[-7.989,52.2429],[-7.98,52.2378],[-7.9723,52.2424],[-7.941,52.2429],[-7.9306,52.236],[-7.9225,52.2343],[-7.9158,52.2279],[-7.906,52.2283],[-7.8919,52.2249],[-7.8761,52.2275],[-7.8656,52.2243],[-7.8571,52.2241],[-7.8507,52.2275],[-7.8202,52.2213],[-7.8121,52.2129],[-7.8076,52.2126],[-7.7974,52.2211],[-7.7854,52.2213],[-7.7742,52.2177],[-7.768,52.2187],[-7.7568,52.2152],[-7.7459,52.2164],[-7.749,52.2273],[-7.7528,52.234],[-7.7462,52.244],[-7.7479,52.2513],[-7.7623,52.2658],[-7.763,52.2711],[-7.7716,52.2722],[-7.7849,52.2773],[-7.7831,52.2809],[-7.7934,52.2914],[-7.7964,52.3013],[-7.7902,52.319],[-7.7931,52.3287],[-7.7866,52.3332],[-7.7898,52.3393],[-7.7811,52.343],[-7.7615,52.3425],[-7.752,52.341],[-7.7377,52.3445],[-7.7373,52.3474],[-7.7167,52.3498],[-7.7159,52.3455],[-7.692,52.3491],[-7.6789,52.3527],[-7.6733,52.3563],[-7.663,52.359],[-7.6529,52.3572],[-7.6311,52.3582],[-7.6215,52.3624],[-7.6082,52.3621],[-7.5968,52.3639],[-7.5709,52.3583],[-7.5507,52.3617],[-7.544,52.3598],[-7.5328,52.3606],[-7.5152,52.3588],[-7.5085,52.3554],[-7.4832,52.3513],[-7.4465,52.3497],[-7.4379,52.3475],[-7.437,52.3397],[-7.4198,52.3389],[-7.4159,52.3413],[-7.3939,52.3349],[-7.374,52.3335],[-7.3751,52.3403],[-7.3721,52.3431],[-7.3568,52.341],[-7.3533,52.3354],[-7.3231,52.3308],[-7.3172,52.3237],[-7.3096,52.3213],[-7.2993,52.3112],[-7.3005,52.3049],[-7.2972,52.3016],[-7.2841,52.2972],[-7.2829,52.2897],[-7.2735,52.2802],[-7.2666,52.2692],[-7.2583,52.2642],[-7.2422,52.2626],[-7.2372,52.2598],[-7.2282,52.247],[-7.2192,52.2431],[-7.2119,52.2432],[-7.1983,52.2499],[-7.1939,52.2554],[-7.1729,52.2719],[-7.1595,52.2792],[-7.1515,52.2795],[-7.1329,52.269],[-7.1005,52.266],[-7.0969,52.2576],[-7.0921,52.2527],[-7.0858,52.2517],[-7.066,52.257],[-7.0462,52.256],[-7.037,52.2573],[-7.0334,52.2629],[-7.0204,52.2718],[-7.0104,52.2732],[-7.0005,52.2768],[-6.9887,52.2749],[-6.9822,52.2678],[-6.9832,52.2641],[-6.9923,52.2604],[-6.9872,52.2498],[-6.9655,52.2406],[-6.9699,52.2392],[-6.9681,52.2262],[-6.9747,52.2181],[-6.9758,52.2127],[-6.9706,52.208],[-6.9797,52.1992],[-6.9826,52.1864],[-6.9693,52.1776],[-6.9753,52.1648],[-6.9824,52.16],[-6.9938,52.1491],[-6.9893,52.1462],[-6.9964,52.1417],[-7.0169,52.1368],[-7.0214,52.1335],[-7.0429,52.1358],[-7.0492,52.1387],[-7.0726,52.1342],[-7.0825,52.1338],[-7.0971,52.1271],[-7.108,52.1336],[-7.091,52.1451],[-7.0909,52.1477],[-7.0787,52.1566],[-7.0925,52.1683],[-7.1065,52.1702],[-7.131,52.1686],[-7.1336,52.1634],[-7.1309,52.1586],[-7.1122,52.1544],[-7.1026,52.1561],[-7.0881,52.1516],[-7.0976,52.145],[-7.111,52.1512],[-7.1342,52.1567],[-7.152,52.1581],[-7.1618,52.1504],[-7.1629,52.1462],[-7.1706,52.1379],[-7.1838,52.1336],[-7.2058,52.1358],[-7.2213,52.1322],[-7.2465,52.1349],[-7.292,52.1412],[-7.3027,52.139],[-7.3055,52.1352],[-7.3213,52.1373],[-7.3356,52.1365],[-7.3396,52.1381],[-7.3634,52.1385],[-7.3716,52.1373],[-7.3865,52.1292],[-7.3995,52.1292],[-7.401,52.1314],[-7.4347,52.1273],[-7.443,52.1271],[-7.4479,52.1226],[-7.4622,52.1218],[-7.4706,52.1123],[-7.4828,52.1099],[-7.4987,52.1027],[-7.51,52.1062],[-7.519,52.106],[-7.5404,52.0983],[-7.5472,52.0913],[-7.5477,52.0847],[-7.5516,52.0781],[-7.5669,52.0813],[-7.5746,52.0927],[-7.5875,52.0997],[-7.5932,52.0977],[-7.5967,52.0918],[-7.6039,52.0905],[-7.6261,52.0813],[-7.6324,52.0845],[-7.6329,52.0703],[-7.6388,52.0633],[-7.6235,52.0622],[-7.6053,52.0644],[-7.6005,52.0585],[-7.5954,52.0576],[-7.5862,52.0507],[-7.5664,52.0505],[-7.5516,52.0542],[-7.5386,52.0545],[-7.5477,52.0446],[-7.5646,52.0411],[-7.5754,52.0342],[-7.576,52.0247],[-7.5812,52.0232],[-7.5846,52.0168],[-7.5773,52.009],[-7.5826,52.0004],[-7.5856,51.9913],[-7.5948,51.9882],[-7.606,51.9868],[-7.612,51.9815],[-7.6224,51.9801],[-7.6319,51.9812],[-7.6383,51.9768],[-7.6474,51.9778],[-7.6662,51.9748],[-7.6949,51.9748],[-7.7106,51.967],[-7.7108,51.9604],[-7.72,51.9579],[-7.7226,51.9518],[-7.7068,51.9478],[-7.7091,51.944],[-7.7208,51.9392],[-7.7287,51.9399],[-7.7456,51.9384],[-7.7581,51.9423],[-7.7685,51.9512],[-7.7738,51.9524],[-7.7939,51.9487],[-7.7942,51.9418],[-7.8017,51.9419],[-7.8187,51.9387],[-7.8333,51.9433],[-7.832,51.953],[-7.8422,51.9542],[-7.8447,51.9669],[-7.8533,51.9786],[-7.8606,51.9752],[-7.8856,51.9756],[-7.9101,51.9741],[-7.9198,51.9762],[-7.9258,51.9867],[-7.9256,51.9915],[-7.9303,52.0028],[-7.928,52.0081],[-7.9379,52.0139],[-7.9584,52.0193],[-7.9618,52.0272],[-7.9572,52.0362],[-7.9678,52.0355],[-7.9735,52.0325],[-7.9993,52.0438],[-8.0021,52.0487],[-8.0128,52.0512],[-8.0228,52.0567],[-8.0179,52.0617],[-8.0216,52.0663],[-8.014,52.0726],[-8.0165,52.0822],[-8.0241,52.0891],[-8.029,52.1033],[-8.0377,52.1035],[-8.0443,52.1099],[-8.0459,52.115],[-8.0707,52.1171],[-8.0714,52.1255],[-8.0806,52.1258],[-8.0835,52.1301],[-8.0784,52.1371],[-8.0712,52.1256],[-8.0622,52.1262],[-8.0607,52.1327],[-8.0662,52.1403],[-8.0733,52.144],[-8.0866,52.1392],[-8.0956,52.1421],[-8.1087,52.141],[-8.1109,52.1451],[-8.1425,52.1409],[-8.1624,52.1411],[-8.1612,52.1446],[-8.1525,52.149],[-8.1573,52.155],[-8.1544,52.1647],[-8.1408,52.1646],[-8.1351,52.1667],[-8.1285,52.1747],[-8.1199,52.1943],[-8.1239,52.2006],[-8.1111,52.2072],[-8.1048,52.2064]]]},"properties":{"stroke":"#000000","stroke-opacity":0.5,"stroke-width":1,"fill":"#FFFFFF","fill-opacity":0.5,"OSM_ID":-283426,"NAME_TAG":"Waterford","NAME_GA":"Contae Phort L\u00e1irge","NAME_EN":"County Waterford","ALT_NAME":null,"ALT_NAME_G":null,"LOGAINM_RE":"100026","OSM_USER":"Polarbear","OSM_TIMEST":"2009-10-07 19:37:48+02","ATTRIBUTIO":null,"T_IE_URL":"http://www.townlands.ie/waterford","AREA":1861865629.14525,"LATITUDE":52.1733588951096,"LONGITUDE":-7.59657931460414,"EPOCH_TSTM":1254937068}},{"type":"Feature","geometry":{"type":"Polygon","coordinates":[[[-7.674,52.7813],[-7.6677,52.7824],[-7.6476,52.7899],[-7.6357,52.7876],[-7.6258,52.7897],[-7.612,52.79],[-7.6168,52.8094],[-7.6064,52.8111],[-7.6,52.8154],[-7.5885,52.8192],[-7.577,52.8283],[-7.5711,52.8221],[-7.5659,52.8217],[-7.5565,52.8144],[-7.5593,52.8087],[-7.5456,52.8073],[-7.5346,52.8035],[-7.534,52.8114],[-7.5161,52.8067],[-7.5195,52.8019],[-7.5078,52.8002],[-7.4951,52.8012],[-7.4793,52.787],[-7.474,52.7863],[-7.4519,52.7878],[-7.4463,52.7955],[-7.4398,52.7961],[-7.4306,52.8025],[-7.4115,52.8002],[-7.399,52.7958],[-7.3906,52.8052],[-7.3886,52.8201],[-7.3784,52.8233],[-7.3738,52.8307],[-7.3646,52.8306],[-7.3598,52.8239],[-7.3604,52.8143],[-7.3481,52.8126],[-7.3499,52.8213],[-7.3444,52.8298],[-7.3426,52.8417],[-7.3295,52.8517],[-7.3241,52.8623],[-7.3197,52.8615],[-7.3102,52.8664],[-7.299,52.8635],[-7.276,52.8539],[-7.2594,52.849],[-7.2433,52.8628],[-7.243,52.8699],[-7.2473,52.8784],[-7.2261,52.878],[-7.2207,52.8769],[-7.2127,52.8817],[-7.2044,52.8907],[-7.1893,52.8939],[-7.1797,52.8896],[-7.1768,52.8842],[-7.1664,52.8836],[-7.1585,52.8713],[-7.1528,52.876],[-7.14,52.8692],[-7.1387,52.856],[-7.141,52.8477],[-7.1299,52.8416],[-7.1222,52.8309],[-7.1201,52.8244],[-7.0989,52.827],[-7.0871,52.8165],[-7.0779,52.8163],[-7.0704,52.8128],[-7.0695,52.8081],[-7.0605,52.7931],[-7.0673,52.7851],[-7.0792,52.7823],[-7.0871,52.7772],[-7.0815,52.77],[-7.0833,52.7572],[-7.1017,52.7487],[-7.0989,52.7393],[-7.0919,52.7377],[-7.0942,52.7317],[-7.1048,52.7314],[-7.1079,52.7253],[-7.0801,52.7265],[-7.0658,52.7083],[-7.0486,52.7115],[-7.0434,52.7152],[-7.0368,52.7102],[-7.0159,52.703],[-7.011,52.697],[-6.9999,52.6886],[-7.0057,52.6849],[-6.9957,52.681],[-6.993,52.6737],[-6.9798,52.669],[-6.9881,52.6587],[-6.9855,52.6422],[-6.9914,52.6343],[-6.9884,52.6292],[-6.9806,52.6265],[-6.9854,52.6192],[-6.9731,52.6114],[-6.9702,52.604],[-6.9509,52.6003],[-6.9394,52.5909],[-6.9261,52.5873],[-6.9192,52.5767],[-6.9225,52.5699],[-6.9151,52.5635],[-6.9194,52.5583],[-6.9312,52.5541],[-6.9355,52.5488],[-6.9451,52.5465],[-6.9458,52.5412],[-6.959,52.5372],[-6.9559,52.5313],[-6.9478,52.5285],[-6.9349,52.5275],[-6.9331,52.5178],[-6.9407,52.5011],[-6.9327,52.4884],[-6.9247,52.4847],[-6.9275,52.4799],[-6.9187,52.4763],[-6.9254,52.4694],[-6.9173,52.4636],[-6.9161,52.4598],[-6.9252,52.4559],[-6.9233,52.4515],[-6.9273,52.4415],[-6.9218,52.4344],[-6.916,52.4316],[-6.9182,52.4263],[-6.9243,52.4255],[-6.9261,52.4204],[-6.9408,52.4217],[-6.946,52.4252],[-6.9534,52.4254],[-6.9614,52.4217],[-6.9565,52.4161],[-6.9419,52.4125],[-6.9408,52.403],[-6.9557,52.3989],[-6.9539,52.3903],[-6.9654,52.378],[-6.9649,52.3686],[-6.9703,52.3673],[-6.9842,52.3684],[-6.9922,52.3632],[-6.9965,52.3505],[-6.9935,52.3399],[-6.9936,52.3306],[-6.9875,52.3259],[-6.9894,52.3182],[-7.0003,52.3152],[-7.0061,52.3062],[-7.0172,52.2974],[-7.0151,52.2922],[-7.0057,52.2838],[-7.0005,52.2768],[-7.0104,52.2732],[-7.0204,52.2718],[-7.0334,52.2629],[-7.037,52.2573],[-7.0462,52.256],[-7.066,52.257],[-7.0858,52.2517],[-7.0921,52.2527],[-7.0969,52.2576],[-7.1005,52.266],[-7.1329,52.269],[-7.1515,52.2795],[-7.1595,52.2792],[-7.1729,52.2719],[-7.1939,52.2554],[-7.1983,52.2499],[-7.2119,52.2432],[-7.2192,52.2431],[-7.2282,52.247],[-7.2372,52.2598],[-7.2422,52.2626],[-7.2583,52.2642],[-7.2666,52.2692],[-7.2735,52.2802],[-7.2829,52.2897],[-7.2841,52.2972],[-7.2972,52.3016],[-7.3005,52.3049],[-7.2993,52.3112],[-7.3096,52.3213],[-7.3172,52.3237],[-7.3231,52.3308],[-7.3533,52.3354],[-7.3568,52.341],[-7.3721,52.3431],[-7.376,52.3502],[-7.3886,52.3567],[-7.397,52.3642],[-7.3882,52.3839],[-7.3935,52.3926],[-7.3931,52.3986],[-7.3855,52.4104],[-7.3823,52.4201],[-7.3912,52.4286],[-7.4002,52.428],[-7.4035,52.4343],[-7.4198,52.4433],[-7.423,52.452],[-7.4293,52.4531],[-7.4411,52.4595],[-7.441,52.4659],[-7.4609,52.4658],[-7.4679,52.4723],[-7.4594,52.477],[-7.4561,52.4842],[-7.4304,52.4976],[-7.42,52.5108],[-7.4325,52.5183],[-7.4433,52.5105],[-7.4533,52.5108],[-7.4502,52.5163],[-7.4571,52.5231],[-7.4585,52.5357],[-7.4564,52.5398],[-7.4528,52.5576],[-7.4591,52.5579],[-7.4574,52.5668],[-7.4513,52.581],[-7.4758,52.5907],[-7.4812,52.6028],[-7.4763,52.6073],[-7.475,52.616],[-7.4931,52.6301],[-7.5085,52.6409],[-7.5122,52.6469],[-7.521,52.6548],[-7.52,52.6621],[-7.5355,52.679],[-7.5334,52.6832],[-7.5363,52.6895],[-7.5469,52.6947],[-7.5477,52.7005],[-7.5696,52.7084],[-7.5817,52.7112],[-7.5923,52.7157],[-7.5951,52.7203],[-7.6089,52.7211],[-7.626,52.7336],[-7.6478,52.7322],[-7.6461,52.7352],[-7.655,52.7475],[-7.6683,52.7541],[-7.6673,52.7609],[-7.6711,52.7776],[-7.674,52.7813]]]},"properties":{"stroke":"#000000","stroke-opacity":0.5,"stroke-width":1,"fill":"FFBF00","fill-opacity":0.5,"OSM_ID":-285980,"NAME_TAG":"Kilkenny","NAME_GA":"Contae Chill Chainnigh","NAME_EN":"County Kilkenny","ALT_NAME":null,"ALT_NAME_G":null,"LOGAINM_RE":"100006","OSM_USER":"larryone","OSM_TIMEST":"2009-10-11 01:26:00+02","ATTRIBUTIO":null,"T_IE_URL":"http://www.townlands.ie/kilkenny","AREA":2071397997.51824,"LATITUDE":52.5742397564759,"LONGITUDE":-7.23330522050262,"EPOCH_TSTM":1255217160}},{"type":"Feature","geometry":{"type":"Polygon","coordinates":[[[-7.0605,52.7931],[-7.0437,52.7968],[-7.0389,52.8083],[-7.022,52.8105],[-7.0125,52.8083],[-6.9912,52.8083],[-6.9653,52.8094],[-6.9526,52.8144],[-6.9375,52.8289],[-6.946,52.8394],[-6.9328,52.8435],[-6.9319,52.8467],[-6.9369,52.8605],[-6.9341,52.866],[-6.9395,52.88],[-6.9335,52.8801],[-6.9296,52.8851],[-6.9218,52.8859],[-6.9229,52.8798],[-6.9127,52.8748],[-6.9051,52.867],[-6.8876,52.8621],[-6.8797,52.8575],[-6.8686,52.8617],[-6.8767,52.876],[-6.8712,52.8762],[-6.8563,52.8612],[-6.8339,52.8634],[-6.8253,52.869],[-6.8263,52.8721],[-6.8096,52.8717],[-6.7885,52.8658],[-6.7865,52.8718],[-6.768,52.8804],[-6.7654,52.8894],[-6.7508,52.8888],[-6.7452,52.8995],[-6.7488,52.9071],[-6.7458,52.9125],[-6.7373,52.9158],[-6.7211,52.9142],[-6.7121,52.918],[-6.7009,52.9115],[-6.6925,52.9091],[-6.6931,52.9054],[-6.677,52.9052],[-6.6734,52.9097],[-6.6566,52.9075],[-6.65,52.9002],[-6.6323,52.9034],[-6.6109,52.8975],[-6.6088,52.9005],[-6.5917,52.8975],[-6.5868,52.8796],[-6.5724,52.8811],[-6.5624,52.8805],[-6.5501,52.8753],[-6.5434,52.8771],[-6.5431,52.8824],[-6.5347,52.8897],[-6.5083,52.8803],[-6.505,52.8776],[-6.5092,52.8715],[-6.508,52.8677],[-6.5266,52.8659],[-6.5237,52.8595],[-6.5254,52.8498],[-6.5226,52.8374],[-6.5288,52.8308],[-6.5236,52.8215],[-6.5346,52.8216],[-6.5649,52.8149],[-6.5606,52.8113],[-6.5709,52.8029],[-6.584,52.8067],[-6.5871,52.8035],[-6.6083,52.8087],[-6.6156,52.8078],[-6.6275,52.8182],[-6.6247,52.8225],[-6.6385,52.8296],[-6.6445,52.8281],[-6.6541,52.8344],[-6.6647,52.8362],[-6.6739,52.8285],[-6.6679,52.8215],[-6.6725,52.8163],[-6.6842,52.8154],[-6.6952,52.8116],[-6.7024,52.8037],[-6.6972,52.8029],[-6.6964,52.7963],[-6.704,52.7943],[-6.7032,52.7858],[-6.7123,52.7783],[-6.6924,52.7761],[-6.6802,52.7799],[-6.6755,52.7787],[-6.6677,52.7705],[-6.6571,52.7689],[-6.6541,52.7614],[-6.6462,52.7549],[-6.6457,52.7516],[-6.6542,52.7461],[-6.6336,52.7314],[-6.6195,52.7143],[-6.6199,52.7086],[-6.6341,52.7032],[-6.6442,52.6902],[-6.6519,52.6859],[-6.6627,52.6868],[-6.6736,52.6794],[-6.6797,52.6684],[-6.6709,52.6638],[-6.6588,52.6676],[-6.6525,52.6639],[-6.6545,52.6587],[-6.6644,52.6524],[-6.664,52.6483],[-6.6733,52.6424],[-6.6763,52.6378],[-6.6841,52.6355],[-6.7097,52.6404],[-6.7191,52.6395],[-6.73,52.6428],[-6.7514,52.6372],[-6.7608,52.6298],[-6.7712,52.6255],[-6.7804,52.6181],[-6.7756,52.6162],[-6.7824,52.5975],[-6.7784,52.5783],[-6.7901,52.5626],[-6.801,52.5656],[-6.8063,52.5615],[-6.8058,52.5491],[-6.8303,52.5327],[-6.8369,52.5302],[-6.8323,52.5196],[-6.834,52.5148],[-6.8542,52.4977],[-6.8628,52.4797],[-6.8722,52.4724],[-6.8824,52.4674],[-6.8932,52.465],[-6.9018,52.4669],[-6.9173,52.4636],[-6.9254,52.4694],[-6.9187,52.4763],[-6.9275,52.4799],[-6.9247,52.4847],[-6.9327,52.4884],[-6.9407,52.5011],[-6.9331,52.5178],[-6.9349,52.5275],[-6.9478,52.5285],[-6.9559,52.5313],[-6.959,52.5372],[-6.9458,52.5412],[-6.9451,52.5465],[-6.9355,52.5488],[-6.9312,52.5541],[-6.9194,52.5583],[-6.9151,52.5635],[-6.9225,52.5699],[-6.9192,52.5767],[-6.9261,52.5873],[-6.9394,52.5909],[-6.9509,52.6003],[-6.9702,52.604],[-6.9731,52.6114],[-6.9854,52.6192],[-6.9806,52.6265],[-6.9884,52.6292],[-6.9914,52.6343],[-6.9855,52.6422],[-6.9881,52.6587],[-6.9798,52.669],[-6.993,52.6737],[-6.9957,52.681],[-7.0057,52.6849],[-6.9999,52.6886],[-7.011,52.697],[-7.0159,52.703],[-7.0368,52.7102],[-7.0434,52.7152],[-7.0486,52.7115],[-7.0658,52.7083],[-7.0801,52.7265],[-7.1079,52.7253],[-7.1048,52.7314],[-7.0942,52.7317],[-7.0919,52.7377],[-7.0989,52.7393],[-7.1017,52.7487],[-7.0833,52.7572],[-7.0815,52.77],[-7.0871,52.7772],[-7.0792,52.7823],[-7.0673,52.7851],[-7.0605,52.7931]]]},"properties":{"stroke":"#000000","stroke-opacity":0.5,"stroke-width":1,"fill":"#008000","fill-opacity":0.5,"OSM_ID":-285977,"NAME_TAG":"Carlow","NAME_GA":"Contae Cheatharlach","NAME_EN":"County Carlow","ALT_NAME":null,"ALT_NAME_G":null,"LOGAINM_RE":"100004","OSM_USER":"larryone","OSM_TIMEST":"2009-10-11 01:21:40+02","ATTRIBUTIO":null,"T_IE_URL":"http://www.townlands.ie/carlow","AREA":896461891.543049,"LATITUDE":52.7294826877281,"LONGITUDE":-6.82315127082107,"EPOCH_TSTM":1255216900}},{"type":"Feature","geometry":{"type":"MultiPolygon","coordinates":[[[[-9.8565,51.7514],[-9.8471,51.7401],[-9.8339,51.7331],[-9.8438,51.7238],[-9.8376,51.719],[-9.8236,51.7172],[-9.8233,51.7084],[-9.8263,51.7005],[-9.8331,51.6943],[-9.822,51.6883],[-9.8087,51.6922],[-9.7912,51.6941],[-9.7815,51.7014],[-9.7716,51.7053],[-9.7612,51.7115],[-9.7615,51.7195],[-9.7506,51.7256],[-9.7301,51.733],[-9.7237,51.7399],[-9.7161,51.7396],[-9.7074,51.7439],[-9.6929,51.7425],[-9.6857,51.7453],[-9.6688,51.7474],[-9.6645,51.7502],[-9.6571,51.7643],[-9.6509,51.7649],[-9.6408,51.7717],[-9.6231,51.7857],[-9.5996,51.7879],[-9.5813,51.7841],[-9.5659,51.7896],[-9.555,51.7877],[-9.54,51.7903],[-9.5363,51.7876],[-9.5218,51.7871],[-9.4971,51.7901],[-9.4803,51.7901],[-9.4638,51.798],[-9.4516,51.7992],[-9.4436,51.8025],[-9.4461,51.8072],[-9.4411,51.814],[-9.4381,51.8233],[-9.4125,51.8258],[-9.3998,51.8281],[-9.3884,51.8362],[-9.3643,51.8354],[-9.3568,51.8364],[-9.3491,51.8436],[-9.3434,51.8432],[-9.3296,51.8464],[-9.3257,51.8493],[-9.3245,51.857],[-9.3056,51.8654],[-9.3001,51.8721],[-9.3016,51.8789],[-9.2852,51.8851],[-9.2797,51.8937],[-9.274,51.8956],[-9.2827,51.902],[-9.289,51.9027],[-9.286,51.9143],[-9.294,51.9172],[-9.3024,51.9279],[-9.301,51.9327],[-9.3068,51.9419],[-9.3027,51.9463],[-9.2891,51.95],[-9.2809,51.9553],[-9.2619,51.9597],[-9.2597,51.9664],[-9.2551,51.9696],[-9.2368,51.9703],[-9.2338,51.9721],[-9.2126,51.9753],[-9.2023,51.9781],[-9.1947,51.9824],[-9.1642,51.983],[-9.1566,51.986],[-9.1379,51.9825],[-9.1288,51.9874],[-9.1188,51.9981],[-9.1255,52.0077],[-9.1352,52.005],[-9.1623,52.0066],[-9.1791,52.0146],[-9.1827,52.0239],[-9.1927,52.0248],[-9.2114,52.0233],[-9.2211,52.0482],[-9.2177,52.0617],[-9.2115,52.0654],[-9.2107,52.07],[-9.1864,52.0789],[-9.1844,52.0829],[-9.1953,52.083],[-9.2022,52.087],[-9.2115,52.0989],[-9.2124,52.1107],[-9.2189,52.1128],[-9.2278,52.1217],[-9.2264,52.1311],[-9.2366,52.14],[-9.24,52.1476],[-9.2307,52.1657],[-9.2353,52.1703],[-9.2318,52.1772],[-9.2453,52.1821],[-9.2482,52.1863],[-9.2463,52.1937],[-9.2518,52.2064],[-9.2632,52.2159],[-9.2666,52.2227],[-9.276,52.2295],[-9.2733,52.2356],[-9.2707,52.2496],[-9.2738,52.2545],[-9.2524,52.2624],[-9.2459,52.2672],[-9.2494,52.2732],[-9.2474,52.279],[-9.2251,52.282],[-9.2162,52.2819],[-9.2109,52.2899],[-9.2174,52.2982],[-9.2087,52.3069],[-9.1896,52.3084],[-9.1744,52.3119],[-9.1752,52.3192],[-9.1635,52.3194],[-9.1587,52.3216],[-9.1584,52.3271],[-9.1503,52.3315],[-9.1401,52.3331],[-9.1371,52.3436],[-9.1194,52.3376],[-9.1099,52.333],[-9.075,52.331],[-9.0588,52.3242],[-9.0459,52.321],[-9.0343,52.3223],[-9.022,52.3176],[-9.0164,52.3119],[-9.01,52.3104],[-8.9944,52.2993],[-8.9865,52.2922],[-8.9753,52.2926],[-8.9848,52.304],[-8.9864,52.3109],[-8.9627,52.3187],[-8.9438,52.322],[-8.9186,52.3249],[-8.911,52.3247],[-8.8977,52.3304],[-8.8828,52.3319],[-8.8882,52.3365],[-8.8813,52.3397],[-8.8823,52.3454],[-8.8732,52.3508],[-8.8526,52.3582],[-8.846,52.3714],[-8.8289,52.3706],[-8.8279,52.3767],[-8.8224,52.3834],[-8.7996,52.3872],[-8.7999,52.3803],[-8.7931,52.3715],[-8.7807,52.3845],[-8.7623,52.3822],[-8.7582,52.3776],[-8.7478,52.3762],[-8.7349,52.371],[-8.7241,52.3711],[-8.7083,52.3773],[-8.6939,52.3779],[-8.674,52.3836],[-8.6738,52.3681],[-8.6683,52.3598],[-8.6634,52.3593],[-8.6618,52.3516],[-8.6517,52.3471],[-8.6441,52.3483],[-8.6333,52.3444],[-8.6244,52.3444],[-8.6233,52.3376],[-8.6164,52.3391],[-8.6054,52.3328],[-8.61,52.3298],[-8.6051,52.3229],[-8.5913,52.3142],[-8.5854,52.3071],[-8.5795,52.3101],[-8.5695,52.31],[-8.5645,52.3062],[-8.5581,52.3074],[-8.5474,52.2925],[-8.5346,52.2862],[-8.5045,52.2806],[-8.4907,52.2842],[-8.4625,52.2872],[-8.4517,52.2874],[-8.4414,52.2926],[-8.3863,52.2947],[-8.3813,52.3043],[-8.3637,52.3087],[-8.3626,52.32],[-8.3523,52.3224],[-8.3411,52.3293],[-8.3334,52.3273],[-8.3335,52.3202],[-8.3237,52.3195],[-8.3133,52.3241],[-8.3114,52.3168],[-8.3029,52.3075],[-8.2971,52.2951],[-8.2823,52.2856],[-8.2737,52.2913],[-8.2649,52.2914],[-8.2502,52.2964],[-8.2254,52.2962],[-8.2212,52.2941],[-8.2094,52.2946],[-8.196,52.2872],[-8.1833,52.2876],[-8.1766,52.2767],[-8.1652,52.2777],[-8.1639,52.274],[-8.1694,52.2665],[-8.1627,52.2656],[-8.1655,52.2598],[-8.1609,52.249],[-8.1609,52.2419],[-8.1514,52.2386],[-8.1132,52.2314],[-8.1023,52.2311],[-8.107,52.2156],[-8.1048,52.2064],[-8.1111,52.2072],[-8.1239,52.2006],[-8.1199,52.1943],[-8.1285,52.1747],[-8.1351,52.1667],[-8.1408,52.1646],[-8.1544,52.1647],[-8.1573,52.155],[-8.1525,52.149],[-8.1612,52.1446],[-8.1624,52.1411],[-8.1425,52.1409],[-8.1109,52.1451],[-8.1087,52.141],[-8.0956,52.1421],[-8.0866,52.1392],[-8.0733,52.144],[-8.0662,52.1403],[-8.0607,52.1327],[-8.0622,52.1262],[-8.0712,52.1256],[-8.0784,52.1371],[-8.0835,52.1301],[-8.0806,52.1258],[-8.0714,52.1255],[-8.0707,52.1171],[-8.0459,52.115],[-8.0443,52.1099],[-8.0377,52.1035],[-8.029,52.1033],[-8.0241,52.0891],[-8.0165,52.0822],[-8.014,52.0726],[-8.0216,52.0663],[-8.0179,52.0617],[-8.0228,52.0567],[-8.0128,52.0512],[-8.0021,52.0487],[-7.9993,52.0438],[-7.9735,52.0325],[-7.9678,52.0355],[-7.9572,52.0362],[-7.9618,52.0272],[-7.9584,52.0193],[-7.9379,52.0139],[-7.928,52.0081],[-7.9303,52.0028],[-7.9256,51.9915],[-7.9258,51.9867],[-7.9198,51.9762],[-7.9101,51.9741],[-7.8856,51.9756],[-7.8606,51.9752],[-7.8533,51.9786],[-7.8447,51.9669],[-7.8422,51.9542],[-7.8414,51.9409],[-7.8602,51.9336],[-7.8682,51.9285],[-7.8748,51.9203],[-7.8838,51.9126],[-7.9063,51.9058],[-7.907,51.8978],[-7.9031,51.8938],[-7.8889,51.8952],[-7.8862,51.8922],[-7.8718,51.8881],[-7.8644,51.8841],[-7.8719,51.8776],[-7.8963,51.8775],[-7.9169,51.8725],[-7.9287,51.873],[-7.94,51.87],[-7.9638,51.8698],[-7.9798,51.8658],[-7.9993,51.8593],[-8.0208,51.8448],[-8.0212,51.8328],[-8.0102,51.8311],[-8.0004,51.8265],[-8.0176,51.8215],[-8.0355,51.819],[-8.0392,51.815],[-8.0491,51.8176],[-8.052,51.8134],[-8.0608,51.8088],[-8.0702,51.8096],[-8.0986,51.8075],[-8.1158,51.8076],[-8.1356,51.8043],[-8.1455,51.7984],[-8.1493,51.794],[-8.1622,51.7867],[-8.1732,51.7847],[-8.1798,51.7954],[-8.2047,51.7937],[-8.2083,51.7923],[-8.2192,51.7948],[-8.2353,51.7948],[-8.2445,51.7921],[-8.2505,51.7934],[-8.251,51.8079],[-8.2588,51.8094],[-8.2634,51.8167],[-8.2471,51.825],[-8.2342,51.8244],[-8.233,51.8306],[-8.2417,51.8345],[-8.2383,51.8379],[-8.2289,51.8385],[-8.2147,51.844],[-8.1989,51.8435],[-8.1936,51.8514],[-8.1853,51.8568],[-8.1902,51.859],[-8.2061,51.8578],[-8.2097,51.8602],[-8.2196,51.8568],[-8.2246,51.8583],[-8.249,51.8567],[-8.2655,51.8584],[-8.2691,51.8541],[-8.3098,51.8464],[-8.3194,51.8429],[-8.3275,51.8487],[-8.3257,51.8665],[-8.3327,51.8626],[-8.331,51.851],[-8.3331,51.8469],[-8.3446,51.8374],[-8.3331,51.8369],[-8.3248,51.8307],[-8.3165,51.8342],[-8.3037,51.8342],[-8.2994,51.8263],[-8.305,51.8222],[-8.3123,51.8232],[-8.3099,51.8126],[-8.2942,51.8125],[-8.2968,51.8074],[-8.3137,51.8071],[-8.3199,51.8084],[-8.3264,51.8035],[-8.3378,51.8053],[-8.346,51.8132],[-8.3553,51.8141],[-8.3591,51.8182],[-8.3709,51.8158],[-8.3717,51.8116],[-8.3501,51.8097],[-8.3387,51.8047],[-8.3262,51.8016],[-8.3219,51.8053],[-8.3094,51.8036],[-8.2941,51.8053],[-8.285,51.8103],[-8.2772,51.8058],[-8.2737,51.7978],[-8.2798,51.7952],[-8.2831,51.7875],[-8.2942,51.7832],[-8.2933,51.7793],[-8.308,51.7717],[-8.2996,51.7692],[-8.2964,51.7546],[-8.3019,51.7512],[-8.3041,51.7427],[-8.312,51.7403],[-8.3126,51.7316],[-8.3297,51.7343],[-8.3319,51.7289],[-8.3376,51.7279],[-8.3372,51.7213],[-8.3422,51.7157],[-8.3736,51.7153],[-8.3865,51.7105],[-8.3926,51.7026],[-8.4079,51.7047],[-8.4232,51.7016],[-8.4276,51.6955],[-8.4242,51.6924],[-8.4373,51.6856],[-8.4439,51.6913],[-8.4419,51.7003],[-8.4493,51.7021],[-8.4559,51.6977],[-8.4608,51.703],[-8.4593,51.7086],[-8.4699,51.7078],[-8.4617,51.6981],[-8.451,51.6935],[-8.4569,51.6874],[-8.4575,51.6829],[-8.47,51.6811],[-8.4786,51.6737],[-8.4822,51.6762],[-8.4915,51.6745],[-8.4928,51.6874],[-8.5,51.6997],[-8.5079,51.7048],[-8.5202,51.7041],[-8.5175,51.6999],[-8.5284,51.6943],[-8.5416,51.7004],[-8.5466,51.6966],[-8.5392,51.6913],[-8.5286,51.6902],[-8.5162,51.6949],[-8.5028,51.6844],[-8.5239,51.677],[-8.5268,51.667],[-8.5325,51.6622],[-8.5301,51.6585],[-8.5444,51.647],[-8.5469,51.6408],[-8.5413,51.6317],[-8.5299,51.6277],[-8.5384,51.6235],[-8.5387,51.6146],[-8.5305,51.6134],[-8.5281,51.6093],[-8.5368,51.606],[-8.5457,51.6104],[-8.5424,51.6173],[-8.5555,51.6232],[-8.5591,51.6307],[-8.5632,51.633],[-8.5654,51.64],[-8.5754,51.6405],[-8.5799,51.644],[-8.5992,51.6415],[-8.6275,51.6354],[-8.6324,51.6365],[-8.6625,51.6365],[-8.6677,51.6447],[-8.6701,51.6538],[-8.6786,51.6502],[-8.6806,51.6442],[-8.6948,51.6463],[-8.7075,51.6435],[-8.7116,51.6392],[-8.7097,51.6352],[-8.7021,51.6331],[-8.6965,51.6362],[-8.6848,51.637],[-8.6876,51.6266],[-8.7,51.6215],[-8.698,51.614],[-8.6864,51.6126],[-8.6816,51.6066],[-8.6904,51.6047],[-8.6924,51.5999],[-8.7045,51.5943],[-8.7057,51.5903],[-8.6972,51.5827],[-8.7125,51.5694],[-8.7291,51.5743],[-8.7353,51.5715],[-8.7422,51.5729],[-8.7591,51.5733],[-8.7513,51.5807],[-8.7564,51.5845],[-8.7788,51.5832],[-8.7826,51.5876],[-8.7904,51.5882],[-8.8088,51.5939],[-8.8278,51.5926],[-8.8345,51.5942],[-8.8475,51.5925],[-8.8529,51.6005],[-8.871,51.5948],[-8.8924,51.6041],[-8.8947,51.5965],[-8.8668,51.5921],[-8.8663,51.589],[-8.8728,51.5788],[-8.8898,51.5703],[-8.8954,51.565],[-8.89,51.5547],[-8.8982,51.5522],[-8.8987,51.5467],[-8.924,51.5402],[-8.9283,51.548],[-8.9401,51.546],[-8.9434,51.5427],[-8.9424,51.5365],[-8.9521,51.5345],[-8.957,51.5451],[-8.9567,51.552],[-8.9765,51.5602],[-8.9853,51.5602],[-8.9897,51.5642],[-9.002,51.5672],[-9.0166,51.5586],[-9.0219,51.5606],[-9.0318,51.5568],[-9.0343,51.5532],[-9.0641,51.5504],[-9.0819,51.546],[-9.095,51.5483],[-9.107,51.5545],[-9.1105,51.5607],[-9.1214,51.5663],[-9.1257,51.5626],[-9.1378,51.5656],[-9.1397,51.5588],[-9.1233,51.5586],[-9.1169,51.5561],[-9.118,51.5463],[-9.1106,51.5371],[-9.1211,51.5374],[-9.1296,51.5268],[-9.1503,51.5209],[-9.1752,51.516],[-9.1654,51.5295],[-9.1877,51.5196],[-9.1874,51.514],[-9.191,51.5067],[-9.2036,51.5083],[-9.2159,51.497],[-9.2101,51.4867],[-9.2204,51.4865],[-9.2253,51.4828],[-9.2429,51.4836],[-9.231,51.4914],[-9.2364,51.4937],[-9.252,51.4911],[-9.2689,51.4843],[-9.2695,51.4914],[-9.265,51.5013],[-9.2765,51.4983],[-9.2773,51.4932],[-9.2871,51.4954],[-9.2975,51.4884],[-9.3127,51.4844],[-9.3207,51.4785],[-9.3389,51.473],[-9.3657,51.4706],[-9.3718,51.4687],[-9.3818,51.4703],[-9.3846,51.4798],[-9.3752,51.4837],[-9.3718,51.4884],[-9.3583,51.4854],[-9.3537,51.4922],[-9.3579,51.4964],[-9.3521,51.5053],[-9.353,51.5102],[-9.347,51.5179],[-9.3362,51.5231],[-9.3363,51.5305],[-9.354,51.5296],[-9.3682,51.5268],[-9.3729,51.5222],[-9.3728,51.513],[-9.3894,51.5084],[-9.4025,51.5032],[-9.4028,51.4981],[-9.413,51.4961],[-9.4178,51.5005],[-9.4168,51.5053],[-9.4096,51.5131],[-9.4156,51.5151],[-9.4182,51.5085],[-9.424,51.5057],[-9.4274,51.5129],[-9.4196,51.5174],[-9.4066,51.5217],[-9.4056,51.526],[-9.3947,51.5361],[-9.4017,51.5444],[-9.4138,51.5399],[-9.4188,51.5454],[-9.4144,51.5522],[-9.4259,51.5514],[-9.4243,51.5451],[-9.4292,51.5433],[-9.4332,51.551],[-9.4422,51.5497],[-9.4424,51.5424],[-9.4377,51.5345],[-9.4548,51.5253],[-9.4648,51.5239],[-9.4698,51.5276],[-9.4787,51.5222],[-9.4895,51.524],[-9.5045,51.5174],[-9.5289,51.5191],[-9.5254,51.5293],[-9.5328,51.5304],[-9.5443,51.5253],[-9.5415,51.5135],[-9.5488,51.5085],[-9.5722,51.5037],[-9.5895,51.5052],[-9.5847,51.5001],[-9.5864,51.4967],[-9.6019,51.493],[-9.6208,51.4918],[-9.6258,51.4974],[-9.6362,51.5048],[-9.6334,51.5106],[-9.6577,51.5142],[-9.6566,51.5069],[-9.6639,51.4992],[-9.6715,51.5037],[-9.6802,51.5039],[-9.6919,51.4976],[-9.7044,51.4942],[-9.7033,51.4816],[-9.7065,51.4761],[-9.7201,51.4729],[-9.7233,51.4753],[-9.732,51.4713],[-9.739,51.4706],[-9.7385,51.465],[-9.7521,51.4578],[-9.7636,51.4494],[-9.7721,51.4476],[-9.7679,51.4565],[-9.7601,51.4606],[-9.7709,51.4634],[-9.7705,51.4696],[-9.7771,51.4721],[-9.7856,51.4572],[-9.7937,51.4514],[-9.8089,51.4488],[-9.8186,51.4558],[-9.8192,51.4602],[-9.8142,51.4689],[-9.8073,51.4742],[-9.8156,51.4783],[-9.8265,51.4777],[-9.837,51.4829],[-9.8244,51.486],[-9.8142,51.4919],[-9.7878,51.4987],[-9.7871,51.5011],[-9.7736,51.5069],[-9.7727,51.512],[-9.76,51.5156],[-9.7588,51.5191],[-9.7479,51.5233],[-9.7449,51.521],[-9.7329,51.5266],[-9.7217,51.5251],[-9.7172,51.5277],[-9.7083,51.5266],[-9.692,51.5298],[-9.6739,51.5398],[-9.6655,51.5404],[-9.659,51.5489],[-9.6457,51.5554],[-9.6473,51.5644],[-9.6251,51.5698],[-9.6149,51.5744],[-9.61,51.5802],[-9.5858,51.5895],[-9.585,51.595],[-9.5738,51.6009],[-9.5606,51.6048],[-9.5569,51.601],[-9.539,51.6052],[-9.5368,51.6118],[-9.5445,51.6164],[-9.5523,51.6161],[-9.5603,51.6105],[-9.5672,51.6128],[-9.5799,51.6098],[-9.5874,51.6102],[-9.6053,51.6055],[-9.611,51.6018],[-9.6348,51.5962],[-9.6534,51.584],[-9.6676,51.5842],[-9.676,51.5828],[-9.6819,51.5771],[-9.6922,51.5797],[-9.6958,51.5734],[-9.7038,51.5708],[-9.7258,51.5694],[-9.7349,51.5593],[-9.7378,51.5634],[-9.7551,51.5576],[-9.762,51.5579],[-9.7733,51.5508],[-9.7819,51.5496],[-9.7952,51.5503],[-9.8041,51.5451],[-9.8155,51.5419],[-9.8229,51.5435],[-9.8377,51.5402],[-9.8486,51.5437],[-9.8363,51.5484],[-9.8289,51.5531],[-9.8188,51.5557],[-9.8091,51.5624],[-9.7919,51.5675],[-9.7869,51.5711],[-9.791,51.5745],[-9.7846,51.5797],[-9.7693,51.5837],[-9.7498,51.5932],[-9.7222,51.6008],[-9.7157,51.6051],[-9.7021,51.6107],[-9.6837,51.6159],[-9.6716,51.6234],[-9.6498,51.6289],[-9.6431,51.6282],[-9.6107,51.6366],[-9.6025,51.6411],[-9.5813,51.6456],[-9.5633,51.6527],[-9.5085,51.664],[-9.5085,51.6689],[-9.4931,51.6726],[-9.488,51.6781],[-9.4724,51.6782],[-9.4607,51.6801],[-9.4596,51.6891],[-9.4443,51.6921],[-9.4604,51.6981],[-9.4508,51.7048],[-9.4561,51.7084],[-9.4447,51.7191],[-9.4562,51.7167],[-9.4492,51.7263],[-9.4542,51.7286],[-9.4632,51.7259],[-9.4774,51.7171],[-9.4903,51.7139],[-9.4915,51.7187],[-9.5027,51.7165],[-9.5047,51.7239],[-9.5147,51.7286],[-9.5225,51.7269],[-9.5284,51.7341],[-9.5272,51.7446],[-9.5313,51.7487],[-9.5385,51.7502],[-9.5469,51.7476],[-9.552,51.739],[-9.5478,51.7253],[-9.5434,51.7219],[-9.5677,51.7059],[-9.5815,51.7094],[-9.5842,51.701],[-9.595,51.6975],[-9.5968,51.6926],[-9.6145,51.6885],[-9.6241,51.6806],[-9.6333,51.6802],[-9.6456,51.6743],[-9.6536,51.6748],[-9.6683,51.6726],[-9.6737,51.6768],[-9.6815,51.6785],[-9.6914,51.6771],[-9.7037,51.6787],[-9.7061,51.6762],[-9.7182,51.6763],[-9.7158,51.6816],[-9.7194,51.6882],[-9.7269,51.6922],[-9.7343,51.6867],[-9.7265,51.6807],[-9.7243,51.675],[-9.7316,51.6667],[-9.7471,51.6698],[-9.7627,51.6622],[-9.7751,51.6616],[-9.7789,51.659],[-9.7911,51.6607],[-9.801,51.656],[-9.814,51.6545],[-9.8198,51.6578],[-9.8369,51.6588],[-9.8481,51.6536],[-9.8632,51.6538],[-9.8698,51.6557],[-9.8806,51.6494],[-9.8979,51.6523],[-9.9082,51.6523],[-9.9147,51.6382],[-9.9218,51.6405],[-9.9244,51.6243],[-9.9335,51.616],[-9.9514,51.615],[-9.9721,51.6164],[-9.9789,51.6119],[-9.9862,51.6108],[-9.9915,51.606],[-9.9997,51.6038],[-10.0069,51.5985],[-10.0219,51.5944],[-10.0281,51.5956],[-10.0367,51.5897],[-10.0481,51.5912],[-10.0522,51.5969],[-10.0417,51.6011],[-10.0457,51.6037],[-10.0609,51.6011],[-10.0733,51.6043],[-10.0828,51.5991],[-10.0939,51.6009],[-10.1054,51.5975],[-10.1135,51.6018],[-10.1212,51.6007],[-10.1251,51.5966],[-10.136,51.5953],[-10.1448,51.5921],[-10.1583,51.5814],[-10.162,51.5834],[-10.1496,51.5956],[-10.1436,51.5969],[-10.1417,51.606],[-10.1561,51.6096],[-10.1582,51.6135],[-10.1476,51.6151],[-10.1453,51.619],[-10.1361,51.6206],[-10.131,51.6135],[-10.1197,51.6139],[-10.1066,51.6186],[-10.0978,51.6186],[-10.0901,51.6235],[-10.081,51.6199],[-10.0621,51.6253],[-10.0587,51.6328],[-10.0673,51.6333],[-10.0591,51.6407],[-10.0623,51.6445],[-10.0561,51.6507],[-10.0583,51.6538],[-10.0713,51.6511],[-10.0777,51.6567],[-10.0974,51.6597],[-10.1056,51.664],[-10.0901,51.6746],[-10.0774,51.6721],[-10.0703,51.6735],[-10.0553,51.6683],[-10.0459,51.6709],[-10.0363,51.6771],[-10.0289,51.6777],[-10.0169,51.672],[-10.0025,51.6757],[-10.0002,51.683],[-9.9931,51.6854],[-9.9863,51.6825],[-9.9718,51.6851],[-9.973,51.6905],[-9.9615,51.7064],[-9.9528,51.7096],[-9.9487,51.7148],[-9.9565,51.7161],[-9.9835,51.7108],[-9.9857,51.7154],[-10,51.7144],[-10.0047,51.7184],[-9.99,51.7264],[-9.9814,51.7295],[-9.9744,51.7355],[-9.9663,51.7335],[-9.9502,51.7405],[-9.9376,51.7388],[-9.9286,51.7406],[-9.927,51.7445],[-9.9192,51.7489],[-9.9059,51.7501],[-9.9026,51.7547],[-9.8867,51.7632],[-9.8779,51.7585],[-9.8837,51.7482],[-9.8903,51.7418],[-9.8819,51.7411],[-9.8758,51.7469],[-9.8666,51.7477],[-9.8565,51.7514]]],[[[-9.9195,51.6217],[-9.9024,51.6383],[-9.8703,51.6406],[-9.8626,51.6425],[-9.8553,51.6414],[-9.8395,51.6434],[-9.8289,51.6427],[-9.826,51.6382],[-9.8198,51.6378],[-9.8013,51.6445],[-9.787,51.6467],[-9.7875,51.6409],[-9.8005,51.6309],[-9.8099,51.6324],[-9.8203,51.6293],[-9.8206,51.6252],[-9.8352,51.6205],[-9.8388,51.6231],[-9.8538,51.62],[-9.8616,51.6198],[-9.8794,51.6156],[-9.8862,51.6176],[-9.908,51.6144],[-9.9195,51.6217]]],[[[-10.2379,51.5834],[-10.2265,51.5893],[-10.2223,51.594],[-10.2156,51.5944],[-10.2069,51.6025],[-10.189,51.6058],[-10.1858,51.6092],[-10.173,51.609],[-10.1626,51.6119],[-10.1573,51.6054],[-10.1683,51.6024],[-10.1779,51.597],[-10.2056,51.5891],[-10.2107,51.59],[-10.2314,51.5804],[-10.2379,51.5834]]],[[[-9.5281,51.4272],[-9.5204,51.4316],[-9.5092,51.4416],[-9.5031,51.4415],[-9.4874,51.4501],[-9.4777,51.4528],[-9.4652,51.4532],[-9.4609,51.4485],[-9.4751,51.4389],[-9.4791,51.4345],[-9.4954,51.4279],[-9.5011,51.4302],[-9.5081,51.4276],[-9.5139,51.4221],[-9.5194,51.4259],[-9.5281,51.4272]]],[[[-9.439,51.4613],[-9.4263,51.4652],[-9.4246,51.4737],[-9.4075,51.4722],[-9.4165,51.4858],[-9.4123,51.4894],[-9.4043,51.4909],[-9.3985,51.4888],[-9.4007,51.4784],[-9.3931,51.4728],[-9.3988,51.4681],[-9.4185,51.4599],[-9.4236,51.4556],[-9.4347,51.4522],[-9.439,51.4613]]],[[[-9.3926,51.5015],[-9.3861,51.5059],[-9.3578,51.5154],[-9.3542,51.511],[-9.357,51.5067],[-9.365,51.5043],[-9.362,51.4947],[-9.3853,51.4882],[-9.3849,51.5],[-9.3926,51.5015]]],[[[-9.5357,51.6791],[-9.5331,51.6831],[-9.5089,51.6925],[-9.5032,51.6978],[-9.4875,51.701],[-9.4804,51.6977],[-9.4945,51.6854],[-9.4947,51.6792],[-9.5016,51.6791],[-9.5064,51.6848],[-9.5216,51.6802],[-9.5294,51.682],[-9.5357,51.6791]]],[[[-9.4561,51.4889],[-9.4551,51.4932],[-9.4366,51.4999],[-9.4232,51.4993],[-9.4305,51.4946],[-9.4283,51.4893],[-9.4435,51.4927],[-9.4561,51.4889]]],[[[-9.5846,51.4912],[-9.5746,51.4931],[-9.5617,51.4989],[-9.5405,51.5035],[-9.5548,51.494],[-9.5658,51.4906],[-9.5769,51.4893],[-9.5846,51.4912]]],[[[-9.3683,51.5195],[-9.36,51.5246],[-9.3433,51.5272],[-9.3406,51.5215],[-9.3591,51.5159],[-9.3683,51.5195]]],[[[-9.4811,51.5138],[-9.4649,51.5186],[-9.4655,51.5136],[-9.4811,51.5138]]],[[[-9.5119,51.5072],[-9.4999,51.5102],[-9.5025,51.5041],[-9.5119,51.5072]]],[[[-9.3975,51.4929],[-9.3877,51.4953],[-9.3874,51.4896],[-9.3975,51.4929]]]]},"properties":{"stroke":"#000000","stroke-opacity":0.5,"stroke-width":1,"fill":"#FF0000","fill-opacity":0.5,"OSM_ID":-332631,"NAME_TAG":"Cork","NAME_GA":"Contae Chorcaigh","NAME_EN":"County Cork","ALT_NAME":null,"ALT_NAME_G":null,"LOGAINM_RE":"100010","OSM_USER":"Polarbear","OSM_TIMEST":"2009-11-21 03:53:14+01","ATTRIBUTIO":null,"T_IE_URL":"http://www.townlands.ie/cork","AREA":7504114932.82792,"LATITUDE":51.9168906411889,"LONGITUDE":-8.83502965841967,"EPOCH_TSTM":1258771994}},{"type":"Feature","geometry":{"type":"Polygon","coordinates":[[[-7.2565,55.0666],[-7.2455,55.0635],[-7.222,55.0606],[-7.2102,55.0574],[-7.1838,55.061],[-7.1605,55.0597],[-7.1493,55.0571],[-7.1482,55.0467],[-7.1316,55.042],[-7.1107,55.0425],[-7.0592,55.0478],[-7.0518,55.05],[-7.0486,55.0557],[-7.0254,55.0676],[-7.0168,55.0737],[-7.0136,55.0788],[-7.0228,55.0872],[-7.02,55.1007],[-7.0108,55.1065],[-6.9943,55.1053],[-6.9884,55.1075],[-6.9929,55.1143],[-6.9772,55.1337],[-6.9686,55.1481],[-6.9626,55.1643],[-6.9601,55.1781],[-6.9639,55.1944],[-6.957,55.1952],[-6.9451,55.1884],[-6.9209,55.1777],[-6.9117,55.1747],[-6.8759,55.1691],[-6.8466,55.167],[-6.8023,55.1686],[-6.7907,55.168],[-6.7737,55.1695],[-6.7586,55.1685],[-6.7272,55.1722],[-6.7256,55.179],[-6.7074,55.1938],[-6.6887,55.1966],[-6.6773,55.1997],[-6.6686,55.1993],[-6.6653,55.1908],[-6.6463,55.1949],[-6.6371,55.188],[-6.6233,55.1859],[-6.622,55.1792],[-6.6138,55.1818],[-6.6064,55.173],[-6.6037,55.1655],[-6.5964,55.167],[-6.5845,55.1561],[-6.5805,55.1441],[-6.5733,55.142],[-6.5687,55.1305],[-6.5696,55.1132],[-6.5729,55.1061],[-6.5854,55.0884],[-6.6034,55.0836],[-6.6081,55.0793],[-6.5978,55.0682],[-6.5841,55.0631],[-6.58,55.0574],[-6.5826,55.0511],[-6.5731,55.0387],[-6.5738,55.0273],[-6.5782,55.0123],[-6.5824,55.0098],[-6.5737,54.9952],[-6.5695,54.9853],[-6.5509,54.9826],[-6.5466,54.9776],[-6.5517,54.9745],[-6.547,54.9634],[-6.5398,54.9536],[-6.5232,54.945],[-6.5173,54.9403],[-6.5145,54.9342],[-6.4996,54.9185],[-6.5058,54.9112],[-6.4968,54.8887],[-6.488,54.883],[-6.486,54.8752],[-6.4714,54.8538],[-6.4715,54.8412],[-6.4573,54.8239],[-6.4591,54.8167],[-6.4709,54.8124],[-6.4778,54.7935],[-6.4765,54.7789],[-6.4801,54.7754],[-6.4686,54.7661],[-6.4622,54.7667],[-6.4571,54.7617],[-6.4647,54.7542],[-6.4859,54.7367],[-6.4961,54.7138],[-6.4692,54.6854],[-6.5162,54.6699],[-6.5327,54.6658],[-6.543,54.6572],[-6.5562,54.6563],[-6.5668,54.6587],[-6.5721,54.6645],[-6.5837,54.6605],[-6.5906,54.6552],[-6.5988,54.6568],[-6.6113,54.6508],[-6.6172,54.6519],[-6.6233,54.6471],[-6.6228,54.6391],[-6.6321,54.6381],[-6.633,54.633],[-6.6406,54.63],[-6.6539,54.6339],[-6.6509,54.6382],[-6.6631,54.6391],[-6.6691,54.6425],[-6.6807,54.6427],[-6.6795,54.6342],[-6.7009,54.6319],[-6.7131,54.6283],[-6.7191,54.6365],[-6.711,54.6473],[-6.7034,54.6434],[-6.6937,54.6422],[-6.694,54.648],[-6.685,54.6488],[-6.6886,54.6565],[-6.7206,54.6518],[-6.7199,54.6607],[-6.7284,54.6621],[-6.7311,54.6577],[-6.7402,54.66],[-6.7405,54.6689],[-6.7495,54.6754],[-6.7604,54.6793],[-6.7641,54.6838],[-6.7767,54.6871],[-6.7762,54.6925],[-6.787,54.703],[-6.8052,54.7086],[-6.8088,54.7166],[-6.8276,54.7258],[-6.8266,54.7359],[-6.8303,54.7411],[-6.8445,54.738],[-6.8645,54.7362],[-6.8866,54.7283],[-6.9089,54.7341],[-6.9179,54.7347],[-6.9282,54.7301],[-6.9352,54.7345],[-6.949,54.7302],[-6.9572,54.7308],[-6.9705,54.7372],[-6.9679,54.7442],[-6.9408,54.7524],[-6.936,54.7662],[-6.9399,54.7736],[-6.9273,54.7729],[-6.9124,54.7769],[-6.9034,54.7833],[-6.906,54.7914],[-6.9219,54.8043],[-6.9121,54.8132],[-6.9121,54.8203],[-6.9196,54.8211],[-6.9366,54.8309],[-6.9472,54.8336],[-6.9527,54.8306],[-6.9652,54.831],[-6.9747,54.8287],[-6.9873,54.833],[-7.0042,54.8208],[-7.0396,54.8198],[-7.0542,54.8123],[-7.064,54.811],[-7.0763,54.8154],[-7.0929,54.8184],[-7.1016,54.813],[-7.1031,54.8212],[-7.1098,54.8253],[-7.1225,54.8277],[-7.1298,54.834],[-7.1473,54.8443],[-7.1573,54.8485],[-7.1586,54.8526],[-7.1781,54.8536],[-7.1912,54.8461],[-7.2039,54.8538],[-7.1944,54.8599],[-7.2064,54.8673],[-7.2045,54.8748],[-7.1977,54.878],[-7.1982,54.886],[-7.2034,54.8874],[-7.2141,54.8854],[-7.2298,54.8873],[-7.2435,54.8838],[-7.2486,54.8864],[-7.2697,54.888],[-7.2727,54.8929],[-7.2704,54.899],[-7.2631,54.9049],[-7.2585,54.9141],[-7.2597,54.9181],[-7.2708,54.9201],[-7.2958,54.9208],[-7.3015,54.9249],[-7.3168,54.9196],[-7.3228,54.9146],[-7.3452,54.9161],[-7.3573,54.915],[-7.3706,54.92],[-7.371,54.928],[-7.3837,54.944],[-7.392,54.9454],[-7.3969,54.946],[-7.4072,54.9552],[-7.4021,54.9596],[-7.4074,54.9636],[-7.4004,54.9724],[-7.407,54.9825],[-7.3991,54.9911],[-7.3921,54.9946],[-7.4056,55.0033],[-7.3985,55.0092],[-7.3964,55.0165],[-7.3913,55.0223],[-7.3759,55.0291],[-7.3666,55.0386],[-7.3561,55.0457],[-7.3452,55.0508],[-7.3329,55.05],[-7.3215,55.0452],[-7.2995,55.0561],[-7.2891,55.0474],[-7.2772,55.0544],[-7.2727,55.0635],[-7.2668,55.0662],[-7.2565,55.0666]]]},"properties":{"stroke":"#000000","stroke-opacity":0.5,"stroke-width":1,"fill":"#RR0000","fill-opacity":0.5,"OSM_ID":-1959598,"NAME_TAG":"Derry","NAME_GA":"Contae Dhoire","NAME_EN":"County Derry","ALT_NAME":"County Derry","ALT_NAME_G":null,"LOGAINM_RE":"100011","OSM_USER":"mackerski","OSM_TIMEST":"2012-01-09 03:19:52+01","ATTRIBUTIO":null,"T_IE_URL":"http://www.townlands.ie/londonderry","AREA":2121240596.78015,"LATITUDE":54.929319619864,"LONGITUDE":-6.84698232642146,"EPOCH_TSTM":1326075592}},{"type":"Feature","geometry":{"type":"Polygon","coordinates":[[[-8.3813,54.4643],[-8.3825,54.4648],[-8.3829,54.4651],[-8.3721,54.4677],[-8.3556,54.4679],[-8.3449,54.4716],[-8.3369,54.4702],[-8.3309,54.4732],[-8.3217,54.4734],[-8.3136,54.4743],[-8.306,54.4711],[-8.2996,54.4638],[-8.2875,54.4627],[-8.2827,54.4647],[-8.2708,54.4598],[-8.2598,54.4592],[-8.2546,54.4621],[-8.2368,54.461],[-8.2314,54.467],[-8.2171,54.4728],[-8.1775,54.4648],[-8.1693,54.4604],[-8.1429,54.4509],[-8.1511,54.4443],[-8.1603,54.4403],[-8.0978,54.4069],[-8.084,54.3972],[-8.0653,54.3772],[-8.0572,54.3699],[-8.056,54.3657],[-8.0394,54.3626],[-8.0311,54.3567],[-8.0273,54.3595],[-8.0183,54.3567],[-8.0055,54.3607],[-7.9977,54.3558],[-7.9995,54.3472],[-7.9865,54.3442],[-7.9826,54.3363],[-7.9726,54.3311],[-7.9635,54.3206],[-7.9616,54.3125],[-7.9467,54.3045],[-7.9544,54.2968],[-7.971,54.2856],[-7.9744,54.2805],[-7.9744,54.2735],[-7.9816,54.2692],[-7.9915,54.2575],[-8.0037,54.2494],[-8.0099,54.2484],[-8.0325,54.2517],[-8.0413,54.254],[-8.0581,54.2361],[-8.0487,54.2308],[-8.0438,54.2221],[-8.0391,54.2223],[-8.0338,54.2156],[-8.0348,54.207],[-8.0455,54.2032],[-8.0509,54.1965],[-8.0464,54.1944],[-8.048,54.187],[-8.0422,54.1831],[-8.0291,54.1904],[-8.0169,54.1878],[-8.0061,54.1923],[-7.9998,54.1855],[-7.9849,54.179],[-7.969,54.177],[-7.9529,54.1788],[-7.9447,54.1712],[-7.9264,54.1668],[-7.9234,54.162],[-7.9167,54.1611],[-7.9118,54.1543],[-7.9052,54.1539],[-7.9012,54.1479],[-7.8882,54.1419],[-7.8917,54.1368],[-7.8816,54.1317],[-7.8819,54.1276],[-7.8758,54.1244],[-7.862,54.1226],[-7.8507,54.1176],[-7.8589,54.1133],[-7.8315,54.0987],[-7.8222,54.0965],[-7.8133,54.1003],[-7.8168,54.1049],[-7.8059,54.1105],[-7.7998,54.1164],[-7.7903,54.1126],[-7.7884,54.1083],[-7.7701,54.1073],[-7.7638,54.1097],[-7.7553,54.1047],[-7.7506,54.0951],[-7.7387,54.0945],[-7.7366,54.0829],[-7.7211,54.0848],[-7.7087,54.0841],[-7.6987,54.0724],[-7.6923,54.0702],[-7.682,54.0592],[-7.6668,54.0588],[-7.6576,54.0563],[-7.6542,54.0487],[-7.655,54.0428],[-7.6379,54.0428],[-7.6373,54.0392],[-7.6463,54.0331],[-7.6404,54.0225],[-7.6359,54.0231],[-7.6207,54.0187],[-7.6125,54.0189],[-7.614,54.0254],[-7.6011,54.0233],[-7.5948,54.015],[-7.6019,54.0122],[-7.5954,54.0057],[-7.5933,53.9973],[-7.5992,53.9919],[-7.5996,53.9857],[-7.585,53.981],[-7.5855,53.9727],[-7.5937,53.9689],[-7.5863,53.9627],[-7.5872,53.9576],[-7.604,53.9506],[-7.6133,53.9406],[-7.6102,53.9384],[-7.6196,53.9354],[-7.6344,53.9395],[-7.644,53.9379],[-7.6471,53.9418],[-7.6578,53.9373],[-7.6612,53.9291],[-7.6683,53.9282],[-7.6673,53.9215],[-7.6801,53.9169],[-7.6881,53.9191],[-7.6925,53.9164],[-7.6907,53.9058],[-7.7014,53.9011],[-7.7123,53.8993],[-7.7131,53.891],[-7.7263,53.8881],[-7.7282,53.8813],[-7.7378,53.8762],[-7.7463,53.879],[-7.7582,53.8736],[-7.7547,53.8691],[-7.7599,53.8634],[-7.7668,53.8671],[-7.777,53.8677],[-7.7712,53.8498],[-7.7719,53.8461],[-7.7822,53.8372],[-7.7803,53.8289],[-7.7878,53.823],[-7.7882,53.8164],[-7.8032,53.8152],[-7.8109,53.8203],[-7.8163,53.8197],[-7.8289,53.8114],[-7.8372,53.8109],[-7.8464,53.8185],[-7.8547,53.8316],[-7.8652,53.8252],[-7.8611,53.8125],[-7.8683,53.806],[-7.8765,53.8084],[-7.8705,53.8139],[-7.8886,53.8238],[-7.8969,53.824],[-7.9117,53.8213],[-7.919,53.8215],[-7.9187,53.8376],[-7.9287,53.8504],[-7.9404,53.8477],[-7.9555,53.8626],[-7.9665,53.8666],[-7.9768,53.8658],[-7.9815,53.87],[-7.9778,53.8779],[-7.982,53.8845],[-7.9776,53.8882],[-7.989,53.8965],[-7.994,53.9044],[-7.9895,53.9159],[-7.9938,53.9213],[-8.007,53.9208],[-8.013,53.9273],[-8.011,53.9336],[-8.025,53.9359],[-8.0329,53.9302],[-8.0261,53.927],[-8.031,53.9216],[-8.0506,53.9123],[-8.0607,53.9096],[-8.0674,53.9166],[-8.0741,53.9189],[-8.0731,53.9237],[-8.0853,53.923],[-8.0931,53.9316],[-8.0857,53.9339],[-8.0819,53.9387],[-8.1013,53.9438],[-8.0999,53.947],[-8.1127,53.9564],[-8.1026,53.963],[-8.0951,53.9648],[-8.0944,53.9694],[-8.088,53.9764],[-8.0787,53.9759],[-8.0722,53.9808],[-8.0691,53.9886],[-8.0783,53.9906],[-8.0774,54.0042],[-8.0845,54.01],[-8.0916,54.0339],[-8.0784,54.0512],[-8.0712,54.051],[-8.0605,54.0583],[-8.0548,54.0671],[-8.0478,54.0717],[-8.0569,54.0784],[-8.0532,54.1046],[-8.0708,54.1046],[-8.1055,54.1089],[-8.1112,54.1144],[-8.1239,54.1183],[-8.1352,54.1199],[-8.1407,54.1238],[-8.1487,54.124],[-8.1564,54.1142],[-8.1635,54.109],[-8.1729,54.1119],[-8.1915,54.1303],[-8.2036,54.1343],[-8.2161,54.1405],[-8.2173,54.1452],[-8.2285,54.1549],[-8.2384,54.1549],[-8.2512,54.1593],[-8.2603,54.157],[-8.2608,54.1532],[-8.2813,54.1526],[-8.3035,54.1671],[-8.3137,54.1672],[-8.3219,54.1746],[-8.322,54.1802],[-8.3168,54.1888],[-8.3341,54.1926],[-8.3337,54.1969],[-8.3477,54.2002],[-8.3391,54.2037],[-8.3343,54.2174],[-8.3407,54.2237],[-8.3334,54.2409],[-8.336,54.2493],[-8.341,54.2495],[-8.346,54.2704],[-8.3436,54.2803],[-8.3463,54.2985],[-8.3486,54.3049],[-8.3542,54.3076],[-8.3556,54.3127],[-8.3758,54.3139],[-8.3897,54.3202],[-8.3863,54.3291],[-8.391,54.3343],[-8.3932,54.348],[-8.3918,54.3501],[-8.3995,54.3599],[-8.3933,54.3596],[-8.3652,54.372],[-8.3666,54.3745],[-8.3603,54.3872],[-8.359,54.3967],[-8.3487,54.405],[-8.3464,54.4127],[-8.3498,54.4149],[-8.3445,54.4213],[-8.3536,54.4242],[-8.3642,54.4219],[-8.378,54.4261],[-8.3953,54.428],[-8.3949,54.4184],[-8.4136,54.4144],[-8.4198,54.4149],[-8.4277,54.4211],[-8.4188,54.4271],[-8.4083,54.4307],[-8.4094,54.44],[-8.4016,54.446],[-8.3787,54.4516],[-8.3813,54.4643]]]},"properties":{"stroke":"#000000","stroke-opacity":0.5,"stroke-width":1,"fill":"#008000","fill-opacity":0.5,"OSM_ID":-284368,"NAME_TAG":"Leitrim","NAME_GA":"Contae Liatroma","NAME_EN":"County Leitrim","ALT_NAME":null,"ALT_NAME_G":null,"LOGAINM_RE":"100018","OSM_USER":"mackerski","OSM_TIMEST":"2009-10-08 19:32:31+02","ATTRIBUTIO":null,"T_IE_URL":"http://www.townlands.ie/leitrim","AREA":1588482408.28023,"LATITUDE":54.1399949742942,"LONGITUDE":-8.0226438611535,"EPOCH_TSTM":1255023151}},{"type":"Feature","geometry":{"type":"MultiPolygon","coordinates":[[[[-9.0094,53.1408],[-9.0246,53.1356],[-9.028,53.1302],[-9.0253,53.1222],[-9.0202,53.1167],[-9.0194,53.1106],[-9.011,53.1028],[-8.9987,53.1],[-8.9935,53.0947],[-8.9749,53.0923],[-8.9703,53.0864],[-8.9562,53.0871],[-8.9329,53.0778],[-8.9225,53.0703],[-8.9201,53.0662],[-8.906,53.0663],[-8.8907,53.0596],[-8.8903,53.056],[-8.9001,53.0492],[-8.9,53.0333],[-8.8925,53.0307],[-8.8834,53.0164],[-8.8936,53.0105],[-8.8946,52.9989],[-8.8865,52.996],[-8.8902,52.9914],[-8.8856,52.986],[-8.8826,52.9765],[-8.8728,52.98],[-8.8603,52.979],[-8.8605,52.9703],[-8.8568,52.9685],[-8.8475,52.9761],[-8.8464,52.9834],[-8.8367,52.9905],[-8.827,52.9803],[-8.8079,52.9758],[-8.7979,52.9763],[-8.7857,52.974],[-8.7802,52.975],[-8.7795,52.9887],[-8.7639,52.9917],[-8.7517,52.999],[-8.737,53.0059],[-8.7386,53.0109],[-8.7319,53.0142],[-8.7196,53.0254],[-8.7142,53.024],[-8.694,53.0266],[-8.6821,53.0316],[-8.6758,53.0375],[-8.6652,53.0393],[-8.6405,53.0397],[-8.6347,53.0417],[-8.6284,53.0385],[-8.6268,53.034],[-8.6153,53.0374],[-8.5953,53.0398],[-8.5558,53.0422],[-8.5601,53.0364],[-8.5602,53.0308],[-8.5516,53.0222],[-8.5368,53.0245],[-8.5282,53.0237],[-8.524,53.0117],[-8.5179,53.0122],[-8.5085,53.0064],[-8.5101,52.999],[-8.5027,52.9861],[-8.4992,52.9834],[-8.4847,52.9889],[-8.4612,52.9823],[-8.4501,52.9723],[-8.4441,52.9738],[-8.4245,52.9833],[-8.4186,52.9935],[-8.4072,52.9942],[-8.4028,52.9864],[-8.3804,52.9827],[-8.3588,52.9712],[-8.3515,52.9757],[-8.3455,52.9852],[-8.3396,52.9874],[-8.3168,52.9852],[-8.3097,52.9769],[-8.2844,52.9725],[-8.2824,52.9705],[-8.2899,52.961],[-8.3081,52.949],[-8.3133,52.9353],[-8.3385,52.9152],[-8.3673,52.9165],[-8.4075,52.9126],[-8.4188,52.8755],[-8.4245,52.8679],[-8.4554,52.847],[-8.4519,52.8243],[-8.449,52.8205],[-8.4484,52.8114],[-8.4375,52.8072],[-8.4373,52.7969],[-8.4429,52.7865],[-8.462,52.7771],[-8.469,52.7676],[-8.4803,52.7572],[-8.4828,52.7549],[-8.5024,52.7514],[-8.5084,52.7472],[-8.5072,52.7361],[-8.5034,52.7309],[-8.5072,52.7255],[-8.5017,52.7185],[-8.5091,52.7125],[-8.5137,52.7054],[-8.533,52.7039],[-8.5416,52.697],[-8.5434,52.6831],[-8.5527,52.6787],[-8.5673,52.6757],[-8.5768,52.6781],[-8.585,52.6763],[-8.5878,52.6706],[-8.609,52.6803],[-8.6182,52.6889],[-8.6274,52.688],[-8.6332,52.6846],[-8.6414,52.6883],[-8.654,52.6901],[-8.671,52.6868],[-8.6971,52.6747],[-8.7028,52.6759],[-8.7068,52.6701],[-8.7161,52.6732],[-8.7423,52.6759],[-8.7611,52.6754],[-8.7735,52.6701],[-8.7885,52.6688],[-8.8028,52.6719],[-8.8164,52.6789],[-8.8334,52.6799],[-8.9012,52.6739],[-8.9518,52.67],[-8.9701,52.6663],[-9.018,52.6496],[-9.0558,52.6521],[-9.0727,52.6499],[-9.1051,52.6379],[-9.1228,52.6341],[-9.1485,52.6151],[-9.1646,52.6116],[-9.1836,52.6114],[-9.2292,52.6078],[-9.2969,52.5779],[-9.337,52.583],[-9.3448,52.5896],[-9.3566,52.601],[-9.3728,52.6014],[-9.393,52.5944],[-9.4079,52.5919],[-9.4363,52.5966],[-9.5487,52.5992],[-9.6358,52.5996],[-9.6577,52.5928],[-9.6795,52.5728],[-9.6964,52.5834],[-9.7095,52.5797],[-9.7188,52.5823],[-9.7227,52.5871],[-9.7295,52.5856],[-9.738,52.5873],[-9.7446,52.5858],[-9.7468,52.5794],[-9.77,52.5727],[-9.7897,52.5703],[-9.7986,52.5671],[-9.8117,52.5648],[-9.8267,52.57],[-9.848,52.5716],[-9.8608,52.5706],[-9.8612,52.5658],[-9.8693,52.5606],[-9.881,52.5572],[-9.902,52.5566],[-9.9078,52.5581],[-9.9287,52.5561],[-9.9388,52.5597],[-9.9205,52.5648],[-9.9116,52.5741],[-9.898,52.5812],[-9.8819,52.5795],[-9.8775,52.5846],[-9.8712,52.5844],[-9.874,52.5923],[-9.8633,52.5928],[-9.8569,52.5954],[-9.8342,52.5969],[-9.8302,52.6],[-9.8217,52.5995],[-9.8066,52.6045],[-9.8059,52.6141],[-9.8027,52.6182],[-9.7927,52.6198],[-9.7881,52.6257],[-9.7729,52.6341],[-9.7462,52.6394],[-9.743,52.6436],[-9.7234,52.6514],[-9.7233,52.6579],[-9.7061,52.6597],[-9.697,52.6661],[-9.694,52.6719],[-9.6744,52.6776],[-9.6663,52.6824],[-9.6474,52.6805],[-9.6525,52.6853],[-9.6505,52.6961],[-9.6516,52.7021],[-9.6454,52.7074],[-9.6329,52.7128],[-9.6227,52.713],[-9.6157,52.7163],[-9.6232,52.7291],[-9.6104,52.733],[-9.6055,52.7446],[-9.5937,52.7465],[-9.5698,52.7521],[-9.5556,52.7526],[-9.5425,52.7462],[-9.5396,52.7381],[-9.5324,52.7352],[-9.5248,52.739],[-9.5282,52.746],[-9.5103,52.7451],[-9.5,52.7485],[-9.4949,52.7526],[-9.492,52.7592],[-9.4951,52.7666],[-9.5007,52.7709],[-9.4825,52.7748],[-9.482,52.7813],[-9.4882,52.7894],[-9.4848,52.7931],[-9.4894,52.8063],[-9.472,52.8104],[-9.4548,52.8185],[-9.4516,52.8273],[-9.4554,52.8339],[-9.4349,52.8327],[-9.4323,52.8409],[-9.4351,52.8447],[-9.4511,52.8484],[-9.4361,52.8566],[-9.4353,52.8662],[-9.4376,52.8722],[-9.4346,52.8829],[-9.4269,52.8874],[-9.4103,52.8928],[-9.3904,52.8966],[-9.379,52.9072],[-9.3739,52.9087],[-9.3678,52.9156],[-9.3525,52.9183],[-9.347,52.9319],[-9.3585,52.9415],[-9.372,52.9437],[-9.3855,52.9402],[-9.3919,52.9354],[-9.4022,52.9325],[-9.4132,52.933],[-9.4246,52.9314],[-9.4327,52.9363],[-9.4429,52.9365],[-9.4688,52.9304],[-9.4758,52.9334],[-9.4698,52.9376],[-9.4766,52.941],[-9.4627,52.9497],[-9.4501,52.955],[-9.4494,52.9582],[-9.4389,52.9617],[-9.4282,52.9703],[-9.4262,52.977],[-9.4294,52.9846],[-9.4175,52.9896],[-9.4166,52.9938],[-9.399,53.0037],[-9.392,53.0104],[-9.4048,53.0142],[-9.4093,53.0188],[-9.3995,53.0253],[-9.3863,53.0372],[-9.383,53.0428],[-9.3718,53.0464],[-9.3649,53.0511],[-9.3674,53.0557],[-9.3658,53.0627],[-9.3553,53.075],[-9.3421,53.0793],[-9.3283,53.0862],[-9.3176,53.0873],[-9.3104,53.0929],[-9.3088,53.1001],[-9.3008,53.1042],[-9.2884,53.1188],[-9.2931,53.1306],[-9.2827,53.1447],[-9.2626,53.1544],[-9.2563,53.1516],[-9.2389,53.1486],[-9.2202,53.1395],[-9.2043,53.1388],[-9.186,53.1349],[-9.1777,53.1279],[-9.1595,53.1203],[-9.1391,53.1206],[-9.129,53.1274],[-9.1206,53.1369],[-9.1024,53.1419],[-9.0886,53.1383],[-9.0811,53.1289],[-9.0762,53.1329],[-9.0806,53.1397],[-9.0883,53.1454],[-9.0951,53.1474],[-9.1006,53.1435],[-9.1091,53.1487],[-9.1161,53.1442],[-9.123,53.1464],[-9.1219,53.151],[-9.1137,53.1574],[-9.0996,53.1593],[-9.087,53.1569],[-9.0713,53.1559],[-9.056,53.1584],[-9.0418,53.1503],[-9.0305,53.1518],[-9.0245,53.149],[-9.0266,53.1441],[-9.0094,53.1408]]],[[[-9.5373,52.8143],[-9.5159,52.8128],[-9.5304,52.8074],[-9.5373,52.8143]]],[[[-9.0518,53.1656],[-9.0513,53.165],[-9.0605,53.163],[-9.0722,53.1575],[-9.0852,53.1619],[-9.0824,53.1676],[-9.0669,53.1689],[-9.0598,53.1658],[-9.0518,53.1656]]]]},"properties":{"stroke":"#000000","stroke-opacity":0.5,"stroke-width":1,"fill":"#FFD700","fill-opacity":0.5,"OSM_ID":-334885,"NAME_TAG":"Clare","NAME_GA":"Contae an Chl\u00e1ir","NAME_EN":"County Clare","ALT_NAME":null,"ALT_NAME_G":null,"LOGAINM_RE":"100009","OSM_USER":"Polarbear","OSM_TIMEST":"2009-11-23 16:54:44+01","ATTRIBUTIO":null,"T_IE_URL":"http://www.townlands.ie/clare","AREA":3449513741.27316,"LATITUDE":52.840506775908,"LONGITUDE":-9.0427051860202,"EPOCH_TSTM":1258991684}},{"type":"Feature","geometry":{"type":"Polygon","coordinates":[[[-7.0815,53.3819],[-7.077,53.3861],[-7.0746,53.3959],[-7.0547,53.4028],[-7.0455,53.4079],[-7.0349,53.4092],[-7.0264,53.4158],[-7.0225,53.4222],[-7.0139,53.4249],[-7.009,53.4361],[-6.9955,53.4419],[-6.9891,53.4417],[-6.9772,53.4487],[-6.963,53.4512],[-6.9498,53.4414],[-6.9325,53.4465],[-6.9172,53.4494],[-6.9151,53.4374],[-6.904,53.4295],[-6.8916,53.4262],[-6.8899,53.4213],[-6.8817,53.4145],[-6.862,53.4119],[-6.8564,53.4071],[-6.8326,53.4006],[-6.8198,53.4012],[-6.8113,53.3986],[-6.8044,53.404],[-6.802,53.4103],[-6.7917,53.4181],[-6.7695,53.4288],[-6.7527,53.4292],[-6.7311,53.4253],[-6.7194,53.4204],[-6.7092,53.4201],[-6.6789,53.4088],[-6.6679,53.4069],[-6.6651,53.3995],[-6.6504,53.3947],[-6.6212,53.3981],[-6.6018,53.3975],[-6.5924,53.3958],[-6.583,53.3907],[-6.5724,53.3891],[-6.5532,53.4026],[-6.5465,53.4051],[-6.5323,53.3942],[-6.5229,53.394],[-6.4948,53.3843],[-6.4838,53.3903],[-6.4716,53.3876],[-6.4601,53.3884],[-6.4665,53.385],[-6.47,53.3794],[-6.475,53.3629],[-6.4894,53.3629],[-6.4978,53.343],[-6.4903,53.3385],[-6.5039,53.3242],[-6.5248,53.3222],[-6.5316,53.3157],[-6.5281,53.3136],[-6.5425,53.3069],[-6.5267,53.2998],[-6.5306,53.2871],[-6.5439,53.2821],[-6.5462,53.2752],[-6.5394,53.2755],[-6.5296,53.2685],[-6.5153,53.2638],[-6.5245,53.257],[-6.5342,53.255],[-6.5285,53.2469],[-6.5169,53.2488],[-6.4963,53.2424],[-6.479,53.2386],[-6.4752,53.2343],[-6.4814,53.2286],[-6.497,53.2225],[-6.5007,53.2175],[-6.5087,53.2144],[-6.5093,53.2094],[-6.4999,53.2051],[-6.5041,53.2],[-6.5198,53.1864],[-6.5313,53.1903],[-6.5558,53.1856],[-6.5617,53.18],[-6.5554,53.1744],[-6.54,53.1672],[-6.5498,53.1628],[-6.5535,53.1576],[-6.5628,53.1562],[-6.5763,53.1493],[-6.5734,53.1351],[-6.5655,53.1321],[-6.5755,53.1276],[-6.5863,53.1185],[-6.5908,53.1196],[-6.598,53.1129],[-6.5981,53.1091],[-6.6105,53.1022],[-6.6243,53.1046],[-6.6292,53.0921],[-6.652,53.0911],[-6.6633,53.0863],[-6.6679,53.0823],[-6.681,53.0815],[-6.6835,53.0776],[-6.7029,53.0724],[-6.7075,53.0743],[-6.7178,53.0716],[-6.7263,53.0663],[-6.7333,53.0651],[-6.7296,53.0594],[-6.7317,53.0466],[-6.7372,53.0403],[-6.7574,53.0251],[-6.7721,53.0226],[-6.7763,53.0136],[-6.7661,53.0087],[-6.7745,53.004],[-6.7871,52.9996],[-6.7923,52.9921],[-6.7919,52.9864],[-6.7874,52.9769],[-6.779,52.9782],[-6.7717,52.9688],[-6.7616,52.9594],[-6.7424,52.9481],[-6.7367,52.9411],[-6.7401,52.9352],[-6.7336,52.9327],[-6.7305,52.9265],[-6.7373,52.9158],[-6.7458,52.9125],[-6.7488,52.9071],[-6.7452,52.8995],[-6.7508,52.8888],[-6.7654,52.8894],[-6.768,52.8804],[-6.7865,52.8718],[-6.7885,52.8658],[-6.8096,52.8717],[-6.8263,52.8721],[-6.8253,52.869],[-6.8339,52.8634],[-6.8563,52.8612],[-6.8712,52.8762],[-6.8767,52.876],[-6.8686,52.8617],[-6.8797,52.8575],[-6.8876,52.8621],[-6.9051,52.867],[-6.9127,52.8748],[-6.9229,52.8798],[-6.9218,52.8859],[-6.9296,52.8851],[-6.9335,52.8801],[-6.9395,52.88],[-6.9432,52.8903],[-6.9355,52.9005],[-6.9369,52.9059],[-6.9347,52.9152],[-6.9395,52.9226],[-6.9544,52.939],[-6.9554,52.9476],[-6.9703,52.959],[-6.969,52.9634],[-6.9724,52.9724],[-6.98,52.9781],[-7.0155,52.9684],[-7.0226,52.9746],[-7.0352,52.9787],[-7.0431,52.9769],[-7.051,52.9803],[-7.0654,52.9832],[-7.0688,52.9909],[-7.0901,53.0014],[-7.0865,53.014],[-7.0687,53.0212],[-7.0718,53.0312],[-7.066,53.0372],[-7.0581,53.0376],[-7.06,53.0444],[-7.059,53.0532],[-7.0478,53.0566],[-7.0537,53.066],[-7.0451,53.0737],[-7.0554,53.0902],[-7.0531,53.0947],[-7.06,53.1057],[-7.0672,53.1084],[-7.0731,53.1069],[-7.0787,53.1219],[-7.0836,53.1276],[-7.097,53.1347],[-7.0933,53.1517],[-7.0985,53.1546],[-7.0964,53.1591],[-7.0853,53.1577],[-7.0767,53.1504],[-7.0715,53.1501],[-7.0634,53.162],[-7.0663,53.1695],[-7.0841,53.1731],[-7.0993,53.1724],[-7.1061,53.1681],[-7.1248,53.1806],[-7.1367,53.1793],[-7.1655,53.1821],[-7.1664,53.1873],[-7.1572,53.1912],[-7.1425,53.1914],[-7.1372,53.1893],[-7.127,53.19],[-7.0994,53.1871],[-7.0668,53.1913],[-7.0361,53.1901],[-7.0351,53.2045],[-7.0374,53.2082],[-7.0266,53.2121],[-7.0145,53.2137],[-7.013,53.2182],[-7.0229,53.2243],[-7.0367,53.2274],[-7.0492,53.2242],[-7.0581,53.2289],[-7.072,53.2302],[-7.0689,53.2361],[-7.0547,53.2361],[-7.0545,53.2428],[-7.019,53.2532],[-7.0347,53.2764],[-7.0152,53.282],[-7.0038,53.2815],[-6.9912,53.2863],[-7.0072,53.2911],[-7.0132,53.2964],[-6.9778,53.3077],[-6.9793,53.3133],[-6.9903,53.3215],[-7.0241,53.3308],[-7.0238,53.3433],[-7.0456,53.3574],[-7.0564,53.354],[-7.0731,53.359],[-7.0882,53.3684],[-7.0815,53.3819]]]},"properties":{"stroke":"#000000","stroke-opacity":0.5,"stroke-width":1,"fill":"#FFFFFF","fill-opacity":0.5,"OSM_ID":-285833,"NAME_TAG":"Kildare","NAME_GA":"Contae Chill Dara","NAME_EN":"County Kildare","ALT_NAME":null,"ALT_NAME_G":null,"LOGAINM_RE":"100007","OSM_USER":"larryone","OSM_TIMEST":"2009-10-10 21:13:45+02","ATTRIBUTIO":null,"T_IE_URL":"http://www.townlands.ie/kildare","AREA":1694364965.49323,"LATITUDE":53.1906121209569,"LONGITUDE":-6.81853517620624,"EPOCH_TSTM":1255202025}},{"type":"Feature","geometry":{"type":"Polygon","coordinates":[[[-7.1888,54.3376],[-7.1815,54.3398],[-7.1665,54.3363],[-7.1523,54.3353],[-7.1365,54.3446],[-7.1289,54.3452],[-7.1254,54.3497],[-7.1039,54.3557],[-7.1022,54.3605],[-7.1092,54.3657],[-7.1047,54.3693],[-7.0844,54.3787],[-7.084,54.3816],[-7.0707,54.3903],[-7.0701,54.3954],[-7.0637,54.3993],[-7.0537,54.4122],[-7.0421,54.4154],[-7.0287,54.4213],[-7.0165,54.4154],[-7.0007,54.4132],[-7,54.4065],[-6.9913,54.4066],[-6.9822,54.4095],[-6.9768,54.4061],[-6.9753,54.4],[-6.9674,54.4014],[-6.9588,54.3975],[-6.9596,54.3922],[-6.9498,54.3902],[-6.9371,54.3832],[-6.9309,54.3758],[-6.922,54.3787],[-6.9113,54.3747],[-6.907,54.3698],[-6.9107,54.3657],[-6.9046,54.3578],[-6.904,54.3496],[-6.893,54.3511],[-6.8865,54.3461],[-6.8774,54.3468],[-6.8723,54.3348],[-6.8639,54.3301],[-6.8657,54.3277],[-6.8632,54.3153],[-6.8565,54.3135],[-6.8589,54.3037],[-6.8509,54.2973],[-6.8539,54.2901],[-6.86,54.2895],[-6.8586,54.2835],[-6.8658,54.2824],[-6.8696,54.2875],[-6.8778,54.2852],[-6.878,54.2792],[-6.8655,54.2745],[-6.8656,54.2697],[-6.8368,54.2665],[-6.8296,54.2574],[-6.8291,54.2475],[-6.8191,54.238],[-6.8196,54.2323],[-6.815,54.2272],[-6.8004,54.2211],[-6.8024,54.2152],[-6.7942,54.2088],[-6.7842,54.2059],[-6.7736,54.1989],[-6.7562,54.1993],[-6.7458,54.1889],[-6.7449,54.1847],[-6.735,54.1858],[-6.7211,54.182],[-6.7209,54.1871],[-6.7129,54.1914],[-6.714,54.1948],[-6.7065,54.1999],[-6.6954,54.1989],[-6.6878,54.1949],[-6.6735,54.1922],[-6.6642,54.1924],[-6.6586,54.1848],[-6.6357,54.1709],[-6.6359,54.1666],[-6.6312,54.1529],[-6.6316,54.147],[-6.6378,54.1449],[-6.641,54.1387],[-6.6396,54.1319],[-6.6494,54.1298],[-6.6502,54.1254],[-6.6613,54.1227],[-6.6608,54.118],[-6.655,54.1094],[-6.6453,54.1006],[-6.6451,54.096],[-6.6615,54.0912],[-6.6586,54.0875],[-6.6584,54.0756],[-6.6688,54.0735],[-6.6609,54.0627],[-6.6508,54.0618],[-6.6449,54.0528],[-6.6359,54.0439],[-6.6232,54.0389],[-6.6162,54.0425],[-6.607,54.0398],[-6.6045,54.045],[-6.5951,54.0445],[-6.5729,54.033],[-6.5792,54.0302],[-6.5708,54.0258],[-6.5662,54.0171],[-6.5576,54.0142],[-6.5582,54.0101],[-6.5498,54.0059],[-6.5511,54.0027],[-6.5628,53.999],[-6.5562,53.9948],[-6.5586,53.9877],[-6.568,53.9817],[-6.5622,53.9787],[-6.5684,53.9709],[-6.5913,53.9706],[-6.593,53.9746],[-6.6076,53.9806],[-6.6198,53.9839],[-6.6264,53.9754],[-6.6403,53.9751],[-6.636,53.969],[-6.6375,53.9647],[-6.6613,53.9625],[-6.6568,53.9571],[-6.6592,53.9529],[-6.648,53.9458],[-6.6603,53.9417],[-6.6449,53.9345],[-6.6333,53.9328],[-6.6303,53.9268],[-6.6442,53.924],[-6.6474,53.9161],[-6.6658,53.9132],[-6.6726,53.9094],[-6.6849,53.9122],[-6.6938,53.9064],[-6.6952,53.9017],[-6.7003,53.9007],[-6.7145,53.9034],[-6.7283,53.9121],[-6.7305,53.9175],[-6.7407,53.9124],[-6.7543,53.9143],[-6.7619,53.9175],[-6.7778,53.9278],[-6.7835,53.9261],[-6.7976,53.9289],[-6.8071,53.928],[-6.8116,53.9317],[-6.8279,53.9328],[-6.8361,53.942],[-6.8442,53.9597],[-6.8521,53.9614],[-6.8577,53.9689],[-6.86,53.9769],[-6.867,53.9835],[-6.8641,53.9879],[-6.8801,53.9926],[-6.8755,53.9978],[-6.8908,54.0032],[-6.8889,54.0117],[-6.8968,54.0123],[-6.9013,54.0088],[-6.9103,54.0157],[-6.9259,54.0139],[-6.935,54.019],[-6.9397,54.0335],[-6.9533,54.0393],[-6.9663,54.0401],[-6.9675,54.0458],[-6.9797,54.05],[-6.9864,54.0619],[-7.002,54.0647],[-7.0111,54.077],[-7.0238,54.0781],[-7.0293,54.0878],[-7.0141,54.0927],[-7.0178,54.0986],[-7.035,54.0969],[-7.0443,54.1011],[-7.0507,54.0997],[-7.0547,54.0935],[-7.0684,54.0921],[-7.0784,54.0889],[-7.0865,54.0818],[-7.1011,54.0938],[-7.1182,54.0956],[-7.1331,54.0922],[-7.134,54.0886],[-7.1501,54.0821],[-7.1609,54.0842],[-7.1669,54.0893],[-7.1782,54.0878],[-7.1911,54.0924],[-7.2019,54.0924],[-7.2184,54.0982],[-7.2234,54.1024],[-7.2324,54.0966],[-7.2458,54.0928],[-7.2583,54.0963],[-7.2627,54.0932],[-7.2735,54.1007],[-7.2933,54.1078],[-7.3011,54.1062],[-7.3075,54.1091],[-7.3142,54.1056],[-7.3211,54.1088],[-7.3199,54.1135],[-7.3085,54.1171],[-7.3053,54.1234],[-7.3159,54.1269],[-7.3121,54.1317],[-7.3274,54.1353],[-7.333,54.1433],[-7.3396,54.1467],[-7.3266,54.1512],[-7.3202,54.1593],[-7.3102,54.1673],[-7.3004,54.1661],[-7.2913,54.172],[-7.28,54.168],[-7.2859,54.1577],[-7.2838,54.1539],[-7.2899,54.1491],[-7.2988,54.1492],[-7.3011,54.1439],[-7.2842,54.1398],[-7.2927,54.1305],[-7.2978,54.1336],[-7.3089,54.1321],[-7.3031,54.1266],[-7.3035,54.1229],[-7.2922,54.1192],[-7.2778,54.1233],[-7.2775,54.1296],[-7.2635,54.137],[-7.264,54.1454],[-7.2527,54.1555],[-7.2581,54.1645],[-7.2461,54.1683],[-7.2584,54.1786],[-7.2595,54.1839],[-7.2511,54.1941],[-7.2361,54.1935],[-7.2358,54.1963],[-7.2481,54.2044],[-7.2389,54.2068],[-7.2196,54.2158],[-7.2096,54.2128],[-7.1952,54.2176],[-7.1903,54.2242],[-7.1851,54.2246],[-7.1707,54.2176],[-7.1555,54.2212],[-7.1472,54.2255],[-7.1499,54.2332],[-7.1462,54.2399],[-7.1587,54.2448],[-7.1422,54.2556],[-7.1501,54.2583],[-7.1535,54.2661],[-7.1609,54.2737],[-7.18,54.2735],[-7.1735,54.2799],[-7.1736,54.286],[-7.1839,54.2876],[-7.2122,54.2996],[-7.1983,54.3091],[-7.1903,54.3116],[-7.1792,54.3097],[-7.1815,54.3333],[-7.1888,54.3376]]]},"properties":{"stroke":"#000000","stroke-opacity":0.5,"stroke-width":1,"fill":"#000000","fill-opacity":0.5,"OSM_ID":-283647,"NAME_TAG":"Monaghan","NAME_GA":"Contae Mhuineach\u00e1in","NAME_EN":"County Monaghan","ALT_NAME":null,"ALT_NAME_G":null,"LOGAINM_RE":"100025","OSM_USER":"mackerski","OSM_TIMEST":"2009-10-07 21:51:17+02","ATTRIBUTIO":null,"T_IE_URL":"http://www.townlands.ie/monaghan","AREA":1294493747.48052,"LATITUDE":54.155191021396,"LONGITUDE":-6.92346834068704,"EPOCH_TSTM":1254945077}},{"type":"Feature","geometry":{"type":"Polygon","coordinates":[[[-8.1775,54.4648],[-8.1647,54.4691],[-8.1484,54.4699],[-8.1147,54.469],[-8.1132,54.4764],[-8.0979,54.4773],[-8.0972,54.4844],[-8.0858,54.4874],[-8.0653,54.4866],[-8.0429,54.4891],[-8.0385,54.5033],[-8.0419,54.506],[-8.0292,54.5209],[-8.0262,54.522],[-8.014,54.5353],[-8.006,54.5459],[-7.9913,54.543],[-7.978,54.5448],[-7.9691,54.5443],[-7.9586,54.5398],[-7.9535,54.5343],[-7.9429,54.5356],[-7.9377,54.5328],[-7.9065,54.5373],[-7.8952,54.535],[-7.8854,54.5369],[-7.867,54.5351],[-7.8586,54.5366],[-7.8506,54.5331],[-7.8441,54.5374],[-7.83,54.5408],[-7.824,54.5464],[-7.8333,54.5522],[-7.8177,54.5634],[-7.8009,54.5685],[-7.7966,54.5716],[-7.7995,54.5764],[-7.7932,54.5819],[-7.7871,54.5802],[-7.7669,54.5861],[-7.7619,54.5919],[-7.7508,54.5988],[-7.7366,54.6005],[-7.717,54.6062],[-7.7033,54.6087],[-7.6903,54.6073],[-7.6761,54.6033],[-7.6794,54.5998],[-7.6726,54.588],[-7.6652,54.583],[-7.6568,54.5826],[-7.6427,54.5849],[-7.6266,54.5847],[-7.62,54.577],[-7.6043,54.574],[-7.5993,54.5658],[-7.581,54.5647],[-7.5523,54.5698],[-7.5457,54.57],[-7.5378,54.5613],[-7.5281,54.5558],[-7.5309,54.5521],[-7.5435,54.5443],[-7.558,54.544],[-7.5618,54.537],[-7.5651,54.5248],[-7.5721,54.5194],[-7.5713,54.5126],[-7.581,54.5032],[-7.5818,54.4976],[-7.5987,54.4924],[-7.6105,54.4933],[-7.6215,54.4878],[-7.6335,54.4853],[-7.6345,54.4783],[-7.6291,54.4744],[-7.6185,54.4713],[-7.6205,54.4592],[-7.6249,54.4543],[-7.6244,54.442],[-7.6081,54.4388],[-7.604,54.4345],[-7.5958,54.4368],[-7.5844,54.4313],[-7.5775,54.4338],[-7.5601,54.4352],[-7.5525,54.4381],[-7.5409,54.4298],[-7.5383,54.4256],[-7.5279,54.4217],[-7.5326,54.4186],[-7.5282,54.4138],[-7.5165,54.4115],[-7.5091,54.4054],[-7.4951,54.4113],[-7.4932,54.414],[-7.4797,54.4165],[-7.4712,54.4214],[-7.4437,54.4262],[-7.4247,54.4333],[-7.4215,54.4402],[-7.3981,54.4404],[-7.3767,54.4366],[-7.3671,54.4375],[-7.3624,54.4326],[-7.3578,54.422],[-7.3503,54.4162],[-7.3449,54.4085],[-7.3317,54.405],[-7.3292,54.3981],[-7.3381,54.3921],[-7.3359,54.3871],[-7.3408,54.3844],[-7.3313,54.3784],[-7.3301,54.3704],[-7.3113,54.3712],[-7.3027,54.3674],[-7.2879,54.3717],[-7.2805,54.3715],[-7.2764,54.364],[-7.2711,54.3611],[-7.272,54.3443],[-7.2612,54.3404],[-7.2586,54.333],[-7.2463,54.327],[-7.2271,54.3269],[-7.2253,54.3321],[-7.2009,54.3373],[-7.1944,54.3419],[-7.1888,54.3376],[-7.1815,54.3333],[-7.1792,54.3097],[-7.1903,54.3116],[-7.1983,54.3091],[-7.2122,54.2996],[-7.1839,54.2876],[-7.1736,54.286],[-7.1735,54.2799],[-7.18,54.2735],[-7.1609,54.2737],[-7.1535,54.2661],[-7.1501,54.2583],[-7.1422,54.2556],[-7.1587,54.2448],[-7.1462,54.2399],[-7.1499,54.2332],[-7.1472,54.2255],[-7.1555,54.2212],[-7.1707,54.2176],[-7.1851,54.2246],[-7.1903,54.2242],[-7.1952,54.2176],[-7.2096,54.2128],[-7.2196,54.2158],[-7.2389,54.2068],[-7.2481,54.2044],[-7.2358,54.1963],[-7.2361,54.1935],[-7.2511,54.1941],[-7.2595,54.1839],[-7.2584,54.1786],[-7.2461,54.1683],[-7.2581,54.1645],[-7.2527,54.1555],[-7.264,54.1454],[-7.2635,54.137],[-7.2775,54.1296],[-7.2778,54.1233],[-7.2922,54.1192],[-7.3035,54.1229],[-7.3031,54.1266],[-7.3089,54.1321],[-7.2978,54.1336],[-7.2927,54.1305],[-7.2842,54.1398],[-7.3011,54.1439],[-7.2988,54.1492],[-7.2899,54.1491],[-7.2838,54.1539],[-7.2859,54.1577],[-7.28,54.168],[-7.2913,54.172],[-7.3004,54.1661],[-7.3102,54.1673],[-7.3202,54.1593],[-7.3266,54.1512],[-7.3396,54.1467],[-7.333,54.1433],[-7.3274,54.1353],[-7.3121,54.1317],[-7.3159,54.1269],[-7.3053,54.1234],[-7.3085,54.1171],[-7.3199,54.1135],[-7.3288,54.1227],[-7.335,54.1173],[-7.3471,54.1173],[-7.3517,54.1239],[-7.3631,54.1315],[-7.3696,54.1311],[-7.3811,54.1239],[-7.393,54.1264],[-7.3804,54.1354],[-7.4,54.1409],[-7.4183,54.1368],[-7.4246,54.1417],[-7.4145,54.1467],[-7.4091,54.1564],[-7.4266,54.1548],[-7.4312,54.1521],[-7.4419,54.1541],[-7.4553,54.1441],[-7.4686,54.1403],[-7.4718,54.1274],[-7.4788,54.1224],[-7.4906,54.1231],[-7.5095,54.13],[-7.5197,54.1298],[-7.5231,54.1334],[-7.5313,54.1332],[-7.5463,54.127],[-7.5658,54.1266],[-7.5692,54.1329],[-7.5755,54.1346],[-7.5738,54.141],[-7.592,54.1399],[-7.6104,54.1438],[-7.6127,54.1478],[-7.6254,54.1532],[-7.6253,54.1654],[-7.6303,54.1703],[-7.6458,54.1762],[-7.6565,54.1858],[-7.6645,54.188],[-7.6687,54.1838],[-7.6766,54.182],[-7.6795,54.1925],[-7.6944,54.2043],[-7.7019,54.2078],[-7.7103,54.2032],[-7.7314,54.2048],[-7.7447,54.2044],[-7.7482,54.2093],[-7.7624,54.2074],[-7.8037,54.2071],[-7.8117,54.2007],[-7.8391,54.2094],[-7.8621,54.2187],[-7.8558,54.2237],[-7.86,54.2295],[-7.8589,54.2431],[-7.8621,54.2527],[-7.8605,54.2605],[-7.8723,54.266],[-7.8731,54.2806],[-7.8707,54.2882],[-7.8619,54.2934],[-7.8742,54.2947],[-7.8813,54.2921],[-7.8883,54.3005],[-7.9017,54.3014],[-7.9059,54.2967],[-7.9151,54.297],[-7.9187,54.3031],[-7.9467,54.3045],[-7.9616,54.3125],[-7.9635,54.3206],[-7.9726,54.3311],[-7.9826,54.3363],[-7.9865,54.3442],[-7.9995,54.3472],[-7.9977,54.3558],[-8.0055,54.3607],[-8.0183,54.3567],[-8.0273,54.3595],[-8.0311,54.3567],[-8.0394,54.3626],[-8.056,54.3657],[-8.0572,54.3699],[-8.0653,54.3772],[-8.084,54.3972],[-8.0978,54.4069],[-8.1603,54.4403],[-8.1511,54.4443],[-8.1429,54.4509],[-8.1693,54.4604],[-8.1775,54.4648]]]},"properties":{"stroke":"#000000","stroke-opacity":0.5,"stroke-width":1,"fill":"#008000","fill-opacity":0.5,"OSM_ID":-1118085,"NAME_TAG":"Fermanagh","NAME_GA":"Contae Fhear Manach","NAME_EN":"County Fermanagh","ALT_NAME":null,"ALT_NAME_G":null,"LOGAINM_RE":"100014","OSM_USER":"Polarbear","OSM_TIMEST":"2010-08-10 02:36:03+02","ATTRIBUTIO":null,"T_IE_URL":"http://www.townlands.ie/fermanagh","AREA":1850832002.62,"LATITUDE":54.3501469742916,"LONGITUDE":-7.64122807133634,"EPOCH_TSTM":1281400563}},{"type":"Feature","geometry":{"type":"MultiPolygon","coordinates":[[[[-9.6694,53.6127],[-9.6598,53.6102],[-9.6526,53.6027],[-9.6418,53.601],[-9.6289,53.6056],[-9.6106,53.6067],[-9.5851,53.599],[-9.5783,53.5996],[-9.5644,53.6123],[-9.5555,53.6077],[-9.5574,53.6012],[-9.5431,53.581],[-9.5406,53.5821],[-9.521,53.5801],[-9.5174,53.5776],[-9.4908,53.5682],[-9.4822,53.5621],[-9.4406,53.5654],[-9.4288,53.564],[-9.4124,53.5675],[-9.3606,53.5737],[-9.3569,53.5682],[-9.3454,53.5635],[-9.3518,53.5562],[-9.3536,53.5469],[-9.3422,53.5417],[-9.3264,53.5403],[-9.3202,53.5501],[-9.3111,53.5551],[-9.3034,53.5553],[-9.3067,53.5455],[-9.2959,53.5444],[-9.286,53.5473],[-9.2884,53.5387],[-9.2855,53.5315],[-9.2787,53.5256],[-9.2791,53.5155],[-9.2354,53.4995],[-9.2367,53.4801],[-9.2127,53.4785],[-9.2052,53.4725],[-9.1919,53.4757],[-9.1814,53.472],[-9.1748,53.4739],[-9.1672,53.4799],[-9.1584,53.4826],[-9.1463,53.4809],[-9.1371,53.4772],[-9.1249,53.482],[-9.1158,53.4943],[-9.0993,53.4939],[-9.0949,53.5023],[-9.0936,53.515],[-9.0769,53.5217],[-9.0574,53.5283],[-9.0555,53.5349],[-9.0391,53.5363],[-9.0343,53.5452],[-9.0276,53.55],[-9.0303,53.5573],[-9.0406,53.5608],[-9.0387,53.5644],[-9.0441,53.5763],[-9.0408,53.5812],[-9.029,53.5789],[-9.0068,53.5841],[-9.0094,53.5916],[-9.0156,53.5979],[-9.0071,53.5988],[-9.0012,53.6022],[-8.9949,53.5982],[-8.9901,53.6032],[-8.9804,53.605],[-8.9808,53.6096],[-8.9882,53.6186],[-8.9749,53.6254],[-8.9731,53.6325],[-8.975,53.6424],[-8.9788,53.6443],[-8.9714,53.6553],[-8.9634,53.654],[-8.9548,53.6557],[-8.9464,53.6617],[-8.9268,53.6541],[-8.9122,53.6441],[-8.9015,53.6421],[-8.9,53.6528],[-8.8826,53.6525],[-8.8677,53.6567],[-8.8543,53.6531],[-8.8425,53.6529],[-8.838,53.6575],[-8.8235,53.665],[-8.8009,53.6573],[-8.7858,53.6588],[-8.7779,53.6652],[-8.7616,53.6639],[-8.7559,53.6659],[-8.7485,53.6621],[-8.7385,53.6635],[-8.7292,53.6713],[-8.7234,53.6651],[-8.7131,53.6659],[-8.6938,53.6715],[-8.6732,53.6752],[-8.6555,53.6768],[-8.6512,53.6827],[-8.641,53.6858],[-8.6452,53.694],[-8.6336,53.7008],[-8.6348,53.7042],[-8.6084,53.7062],[-8.6041,53.7107],[-8.5811,53.7087],[-8.5814,53.7139],[-8.5735,53.7189],[-8.5595,53.7159],[-8.5508,53.7187],[-8.5339,53.7163],[-8.5198,53.7123],[-8.4883,53.7158],[-8.4678,53.7153],[-8.4464,53.7052],[-8.4489,53.6979],[-8.4443,53.6917],[-8.4473,53.6872],[-8.4349,53.6826],[-8.4372,53.6769],[-8.4294,53.6715],[-8.416,53.6668],[-8.4026,53.6662],[-8.3819,53.657],[-8.3714,53.6549],[-8.3616,53.6482],[-8.3654,53.6401],[-8.3775,53.6428],[-8.3831,53.6398],[-8.3934,53.6402],[-8.3996,53.6296],[-8.3865,53.6192],[-8.381,53.6181],[-8.3804,53.6116],[-8.3835,53.6076],[-8.3786,53.5989],[-8.3675,53.601],[-8.3538,53.5988],[-8.3522,53.5935],[-8.3375,53.5881],[-8.3425,53.5791],[-8.3333,53.5768],[-8.3133,53.5791],[-8.3011,53.5725],[-8.2883,53.5685],[-8.3044,53.5639],[-8.3037,53.5589],[-8.2956,53.5544],[-8.2967,53.5423],[-8.2861,53.5387],[-8.2945,53.5311],[-8.2782,53.5253],[-8.277,53.5201],[-8.2912,53.518],[-8.293,53.51],[-8.2824,53.5031],[-8.2748,53.4946],[-8.2809,53.4904],[-8.2751,53.4811],[-8.2872,53.4734],[-8.2774,53.467],[-8.2666,53.4635],[-8.2636,53.4591],[-8.2628,53.4559],[-8.2385,53.4456],[-8.2409,53.4387],[-8.2591,53.4357],[-8.2631,53.4333],[-8.2545,53.4125],[-8.2424,53.4131],[-8.2379,53.4059],[-8.2252,53.397],[-8.2303,53.3861],[-8.2463,53.3747],[-8.2438,53.3669],[-8.2387,53.3607],[-8.2276,53.3563],[-8.2325,53.3496],[-8.2156,53.3465],[-8.2134,53.3442],[-8.2,53.3477],[-8.1867,53.3223],[-8.1922,53.319],[-8.19,53.3067],[-8.1845,53.3007],[-8.1769,53.2882],[-8.1548,53.2875],[-8.1484,53.2799],[-8.14,53.2789],[-8.1331,53.2819],[-8.099,53.2779],[-8.09,53.2741],[-8.0745,53.2725],[-8.0557,53.274],[-8.0422,53.2711],[-8.0342,53.2635],[-8.0293,53.2628],[-8.0264,53.2527],[-8.0091,53.2513],[-7.998,53.244],[-7.9814,53.2392],[-7.9713,53.2329],[-7.9678,53.2253],[-7.9714,53.2129],[-7.9941,53.193],[-8.0373,53.195],[-8.0506,53.1933],[-8.0618,53.1879],[-8.0744,53.1758],[-8.0837,53.1701],[-8.0814,53.167],[-8.0847,53.1628],[-8.1042,53.1599],[-8.1174,53.1608],[-8.1251,53.1596],[-8.148,53.1452],[-8.1463,53.1426],[-8.1562,53.1358],[-8.1614,53.1345],[-8.1653,53.1261],[-8.1724,53.121],[-8.1688,53.1141],[-8.1746,53.1112],[-8.1856,53.0987],[-8.1976,53.0895],[-8.1998,53.0836],[-8.2136,53.0784],[-8.2189,53.0677],[-8.2496,53.063],[-8.2679,53.056],[-8.2689,53.0368],[-8.2784,53.0187],[-8.3016,53.0076],[-8.3168,52.9852],[-8.3396,52.9874],[-8.3455,52.9852],[-8.3515,52.9757],[-8.3588,52.9712],[-8.3804,52.9827],[-8.4028,52.9864],[-8.4072,52.9942],[-8.4186,52.9935],[-8.4245,52.9833],[-8.4441,52.9738],[-8.4501,52.9723],[-8.4612,52.9823],[-8.4847,52.9889],[-8.4992,52.9834],[-8.5027,52.9861],[-8.5101,52.999],[-8.5085,53.0064],[-8.5179,53.0122],[-8.524,53.0117],[-8.5282,53.0237],[-8.5368,53.0245],[-8.5516,53.0222],[-8.5602,53.0308],[-8.5601,53.0364],[-8.5558,53.0422],[-8.5953,53.0398],[-8.6153,53.0374],[-8.6268,53.034],[-8.6284,53.0385],[-8.6347,53.0417],[-8.6405,53.0397],[-8.6652,53.0393],[-8.6758,53.0375],[-8.6821,53.0316],[-8.694,53.0266],[-8.7142,53.024],[-8.7196,53.0254],[-8.7319,53.0142],[-8.7386,53.0109],[-8.737,53.0059],[-8.7517,52.999],[-8.7639,52.9917],[-8.7795,52.9887],[-8.7802,52.975],[-8.7857,52.974],[-8.7979,52.9763],[-8.8079,52.9758],[-8.827,52.9803],[-8.8367,52.9905],[-8.8464,52.9834],[-8.8475,52.9761],[-8.8568,52.9685],[-8.8605,52.9703],[-8.8603,52.979],[-8.8728,52.98],[-8.8826,52.9765],[-8.8856,52.986],[-8.8902,52.9914],[-8.8865,52.996],[-8.8946,52.9989],[-8.8936,53.0105],[-8.8834,53.0164],[-8.8925,53.0307],[-8.9,53.0333],[-8.9001,53.0492],[-8.8903,53.056],[-8.8907,53.0596],[-8.906,53.0663],[-8.9201,53.0662],[-8.9225,53.0703],[-8.9329,53.0778],[-8.9562,53.0871],[-8.9703,53.0864],[-8.9749,53.0923],[-8.9935,53.0947],[-8.9987,53.1],[-9.011,53.1028],[-9.0194,53.1106],[-9.0202,53.1167],[-9.0253,53.1222],[-9.028,53.1302],[-9.0246,53.1356],[-9.0094,53.1408],[-9.0052,53.1503],[-8.9969,53.1482],[-8.9936,53.1536],[-9.0063,53.1566],[-9.0159,53.1547],[-9.0212,53.1579],[-9.043,53.1601],[-9.0513,53.165],[-9.0518,53.1656],[-9.0391,53.1689],[-9.0204,53.171],[-9.002,53.1689],[-8.9885,53.1703],[-8.9856,53.1735],[-8.9683,53.1747],[-8.9695,53.1677],[-8.9843,53.1651],[-8.9856,53.1623],[-8.9755,53.1583],[-8.9645,53.157],[-8.9519,53.1533],[-8.9359,53.1393],[-8.9279,53.1408],[-8.9362,53.1475],[-8.9357,53.1534],[-8.9408,53.1576],[-8.9441,53.1687],[-8.9538,53.1723],[-8.9516,53.1812],[-8.9451,53.1851],[-8.9453,53.1927],[-8.9282,53.2017],[-8.927,53.2077],[-8.9099,53.2113],[-8.9113,53.2144],[-8.901,53.2181],[-8.9029,53.2208],[-8.9176,53.218],[-8.9293,53.2117],[-8.9423,53.2121],[-8.9515,53.2087],[-8.9618,53.2083],[-8.9741,53.2131],[-8.9761,53.2179],[-8.9895,53.2191],[-8.9908,53.2243],[-8.9848,53.2327],[-8.9761,53.235],[-8.9537,53.238],[-8.9706,53.2438],[-8.9869,53.2468],[-8.977,53.2563],[-8.9666,53.2549],[-8.9423,53.2587],[-8.9399,53.2651],[-8.9339,53.2698],[-8.937,53.2731],[-8.9534,53.2725],[-8.9636,53.2691],[-8.9686,53.2708],[-8.9836,53.2633],[-8.9943,53.2623],[-8.9958,53.2697],[-9.0176,53.2664],[-9.022,53.27],[-9.0313,53.268],[-9.0426,53.272],[-9.0295,53.2776],[-9.0346,53.2799],[-9.0524,53.2639],[-9.0697,53.263],[-9.0785,53.2581],[-9.1049,53.2558],[-9.1113,53.2521],[-9.1191,53.2584],[-9.1264,53.2559],[-9.1241,53.2511],[-9.1391,53.2487],[-9.1461,53.2504],[-9.1628,53.2459],[-9.1784,53.2453],[-9.2035,53.2472],[-9.2202,53.2452],[-9.2297,53.2476],[-9.2452,53.2453],[-9.2935,53.2426],[-9.3095,53.2427],[-9.3127,53.2386],[-9.3235,53.24],[-9.3351,53.2379],[-9.3518,53.2413],[-9.3643,53.2415],[-9.3734,53.2373],[-9.3925,53.234],[-9.4075,53.2349],[-9.4314,53.2327],[-9.4394,53.2338],[-9.4567,53.2322],[-9.4653,53.2263],[-9.4743,53.229],[-9.4889,53.2287],[-9.4887,53.2249],[-9.5101,53.2212],[-9.5292,53.2226],[-9.5326,53.229],[-9.5472,53.2336],[-9.555,53.2409],[-9.5501,53.2462],[-9.5591,53.2504],[-9.5679,53.2643],[-9.5574,53.2671],[-9.5548,53.2758],[-9.5444,53.2763],[-9.5428,53.2836],[-9.5585,53.289],[-9.5622,53.2823],[-9.5744,53.2773],[-9.5817,53.2698],[-9.5735,53.2626],[-9.5783,53.2542],[-9.578,53.245],[-9.585,53.2412],[-9.5858,53.2363],[-9.5998,53.24],[-9.6083,53.2373],[-9.6131,53.2311],[-9.6253,53.241],[-9.6319,53.2505],[-9.628,53.2579],[-9.6199,53.2676],[-9.6064,53.2721],[-9.5979,53.2804],[-9.602,53.2848],[-9.5993,53.2948],[-9.6103,53.2942],[-9.6089,53.3013],[-9.6149,53.3098],[-9.6252,53.3194],[-9.6198,53.3269],[-9.6091,53.328],[-9.6001,53.3267],[-9.5903,53.3295],[-9.5774,53.3183],[-9.5757,53.3256],[-9.5817,53.3304],[-9.572,53.3325],[-9.5693,53.3382],[-9.5764,53.3422],[-9.5689,53.3447],[-9.5594,53.3376],[-9.5486,53.3436],[-9.5599,53.3441],[-9.5619,53.3477],[-9.5731,53.3511],[-9.5847,53.3522],[-9.597,53.3588],[-9.5948,53.3742],[-9.5837,53.3731],[-9.5739,53.3785],[-9.5571,53.3769],[-9.5542,53.3831],[-9.5632,53.3842],[-9.5709,53.3794],[-9.5949,53.3815],[-9.5984,53.3782],[-9.6065,53.3829],[-9.6139,53.3793],[-9.5992,53.3654],[-9.6025,53.3625],[-9.6026,53.3479],[-9.6,53.3447],[-9.5947,53.3425],[-9.5939,53.3411],[-9.5948,53.3366],[-9.5964,53.335],[-9.6178,53.3333],[-9.6293,53.3297],[-9.6315,53.3322],[-9.6443,53.3311],[-9.649,53.3357],[-9.6662,53.3393],[-9.6656,53.3416],[-9.6472,53.3433],[-9.6451,53.341],[-9.6324,53.3421],[-9.6272,53.3485],[-9.6434,53.3484],[-9.6439,53.354],[-9.6327,53.36],[-9.6348,53.3714],[-9.6286,53.3765],[-9.6357,53.3828],[-9.6377,53.3881],[-9.6564,53.386],[-9.6558,53.3808],[-9.6625,53.3781],[-9.6617,53.3712],[-9.6764,53.3674],[-9.6849,53.3626],[-9.6943,53.3609],[-9.6978,53.3516],[-9.7177,53.3335],[-9.7212,53.3273],[-9.7308,53.326],[-9.7299,53.313],[-9.7393,53.3058],[-9.7488,53.3081],[-9.767,53.3046],[-9.7719,53.2977],[-9.7722,53.2922],[-9.7829,53.2959],[-9.7896,53.3033],[-9.8044,53.3061],[-9.8136,53.3101],[-9.834,53.3116],[-9.8414,53.3226],[-9.856,53.3199],[-9.8707,53.312],[-9.8826,53.312],[-9.8901,53.3189],[-9.8979,53.3179],[-9.9059,53.326],[-9.8965,53.33],[-9.8999,53.3369],[-9.8928,53.3419],[-9.8857,53.3397],[-9.8813,53.3441],[-9.8873,53.3517],[-9.895,53.3543],[-9.8892,53.3687],[-9.8756,53.3703],[-9.8657,53.3693],[-9.8542,53.3743],[-9.8442,53.3736],[-9.8386,53.3792],[-9.8231,53.3788],[-9.8074,53.3862],[-9.7936,53.3888],[-9.7904,53.3937],[-9.8,53.3952],[-9.7964,53.4029],[-9.8152,53.4011],[-9.8219,53.4058],[-9.8216,53.4112],[-9.7993,53.4134],[-9.802,53.4185],[-9.8134,53.4169],[-9.8255,53.4177],[-9.8333,53.4116],[-9.8368,53.4057],[-9.8457,53.4043],[-9.8451,53.395],[-9.855,53.3942],[-9.8519,53.3998],[-9.8627,53.4015],[-9.8582,53.3941],[-9.8611,53.3895],[-9.8815,53.3935],[-9.8809,53.4055],[-9.8857,53.4128],[-9.8626,53.4206],[-9.8504,53.4192],[-9.8512,53.4315],[-9.8626,53.4226],[-9.8729,53.4217],[-9.8848,53.4147],[-9.8909,53.4149],[-9.8976,53.4208],[-9.9062,53.4197],[-9.9153,53.4147],[-9.9141,53.4092],[-9.9196,53.406],[-9.9191,53.3968],[-9.9154,53.3926],[-9.9171,53.387],[-9.9421,53.3775],[-9.9522,53.381],[-9.9583,53.3788],[-9.9612,53.3728],[-9.9527,53.3713],[-9.9575,53.3667],[-9.9749,53.3774],[-9.9649,53.3778],[-9.9657,53.3823],[-9.9739,53.3832],[-9.9871,53.3792],[-10.0051,53.3829],[-10.012,53.3805],[-10.0186,53.3855],[-10.0278,53.3846],[-10.0359,53.3893],[-10.0381,53.3983],[-10.035,53.408],[-10.0432,53.4126],[-10.062,53.4148],[-10.0684,53.4206],[-10.0784,53.4171],[-10.0781,53.4123],[-10.0845,53.411],[-10.0901,53.4144],[-10.0956,53.4111],[-10.1051,53.4096],[-10.1125,53.4131],[-10.1201,53.4079],[-10.134,53.4072],[-10.1468,53.4189],[-10.152,53.4193],[-10.1779,53.4102],[-10.183,53.4136],[-10.165,53.4278],[-10.1635,53.4325],[-10.1552,53.4346],[-10.1532,53.443],[-10.1393,53.4435],[-10.1397,53.447],[-10.1269,53.4562],[-10.1218,53.4519],[-10.1111,53.4524],[-10.1073,53.4498],[-10.0973,53.4502],[-10.0935,53.4446],[-10.0808,53.4424],[-10.0755,53.4389],[-10.0645,53.442],[-10.0622,53.4519],[-10.058,53.4582],[-10.0434,53.4581],[-10.0418,53.4635],[-10.0512,53.4625],[-10.0663,53.4633],[-10.0799,53.4724],[-10.0911,53.4773],[-10.0908,53.4862],[-10.0768,53.4883],[-10.0698,53.4837],[-10.0557,53.481],[-10.0511,53.4749],[-10.0227,53.4681],[-10.0266,53.4729],[-10.036,53.4735],[-10.0499,53.4857],[-10.0631,53.4914],[-10.0695,53.4907],[-10.088,53.4963],[-10.1078,53.4958],[-10.1124,53.5009],[-10.1243,53.5008],[-10.1263,53.5043],[-10.1148,53.5062],[-10.1245,53.5104],[-10.1316,53.5074],[-10.138,53.5099],[-10.1319,53.5145],[-10.1124,53.5199],[-10.0945,53.5165],[-10.0891,53.5129],[-10.0747,53.5096],[-10.0703,53.5045],[-10.0554,53.5033],[-10.0515,53.5081],[-10.0769,53.5153],[-10.0805,53.5129],[-10.0963,53.519],[-10.1337,53.5225],[-10.1351,53.5266],[-10.1426,53.5293],[-10.1454,53.5423],[-10.1668,53.5427],[-10.1845,53.5409],[-10.1974,53.5463],[-10.1932,53.5523],[-10.1839,53.5565],[-10.1655,53.5617],[-10.1585,53.5574],[-10.1545,53.5656],[-10.1445,53.565],[-10.1349,53.5584],[-10.1283,53.5615],[-10.1066,53.5553],[-10.0951,53.5543],[-10.0981,53.5597],[-10.1298,53.5748],[-10.1137,53.5777],[-10.099,53.5771],[-10.0956,53.5735],[-10.0751,53.5753],[-10.0625,53.5704],[-10.0515,53.5699],[-10.0445,53.5718],[-10.036,53.5695],[-10.027,53.5698],[-10.0114,53.5666],[-10.0108,53.5615],[-10.0173,53.5592],[-10.0101,53.5543],[-10.0112,53.5513],[-9.9994,53.5483],[-9.9745,53.5542],[-9.9719,53.5502],[-9.9539,53.5524],[-9.9667,53.5582],[-9.9789,53.5598],[-9.9783,53.5668],[-9.9686,53.5667],[-9.9644,53.5707],[-9.9977,53.5732],[-10.0175,53.5768],[-10.0258,53.5824],[-10.0371,53.5871],[-10.0448,53.5946],[-10.0436,53.6012],[-10.0493,53.6094],[-10.0344,53.6105],[-10.0281,53.6069],[-10.0147,53.6066],[-10.007,53.6113],[-9.992,53.61],[-9.9876,53.6068],[-9.9771,53.6048],[-9.965,53.5998],[-9.9473,53.6008],[-9.9336,53.5978],[-9.9104,53.601],[-9.9014,53.6124],[-9.8735,53.6163],[-9.8767,53.6229],[-9.8708,53.6248],[-9.8602,53.6204],[-9.8431,53.6179],[-9.8301,53.6109],[-9.8099,53.6063],[-9.8038,53.6006],[-9.7946,53.599],[-9.7888,53.5943],[-9.7596,53.5982],[-9.7307,53.6004],[-9.7153,53.5981],[-9.7053,53.595],[-9.6981,53.5962],[-9.6875,53.6068],[-9.6694,53.6127]]],[[[-10.262,53.629],[-10.2563,53.6275],[-10.2461,53.6311],[-10.2419,53.6218],[-10.2333,53.6203],[-10.2326,53.6269],[-10.2002,53.6372],[-10.1955,53.6339],[-10.1806,53.6325],[-10.1769,53.629],[-10.184,53.6253],[-10.1814,53.6201],[-10.1854,53.6088],[-10.1947,53.6058],[-10.2097,53.6083],[-10.2044,53.6132],[-10.2292,53.614],[-10.2346,53.6122],[-10.2554,53.6181],[-10.2611,53.6219],[-10.262,53.629]]],[[[-9.8303,53.1391],[-9.8239,53.1461],[-9.8074,53.1519],[-9.7816,53.1522],[-9.7594,53.149],[-9.7542,53.143],[-9.7521,53.1328],[-9.7386,53.1374],[-9.727,53.1387],[-9.7119,53.1381],[-9.7029,53.1422],[-9.6974,53.1385],[-9.6893,53.1392],[-9.6826,53.1331],[-9.6751,53.1345],[-9.6707,53.1314],[-9.6603,53.134],[-9.6516,53.1295],[-9.6592,53.1261],[-9.6745,53.1153],[-9.668,53.1133],[-9.6586,53.1063],[-9.6496,53.1053],[-9.6507,53.1002],[-9.6364,53.1009],[-9.6393,53.089],[-9.6534,53.0886],[-9.6623,53.0915],[-9.6731,53.0988],[-9.6789,53.0993],[-9.6965,53.1084],[-9.7038,53.1065],[-9.7119,53.1088],[-9.7173,53.1133],[-9.7421,53.1171],[-9.7476,53.1204],[-9.7577,53.1212],[-9.7765,53.129],[-9.7907,53.1303],[-9.7954,53.1331],[-9.8227,53.1371],[-9.8303,53.1391]]],[[[-9.724,53.2634],[-9.7139,53.2668],[-9.7039,53.2665],[-9.6922,53.2695],[-9.6837,53.2744],[-9.6795,53.2811],[-9.6705,53.2799],[-9.6625,53.2843],[-9.6449,53.2762],[-9.6533,53.2707],[-9.6515,53.266],[-9.6447,53.2644],[-9.6418,53.257],[-9.6419,53.2421],[-9.6481,53.2334],[-9.6461,53.2299],[-9.6667,53.2236],[-9.684,53.2273],[-9.7021,53.2256],[-9.7044,53.2301],[-9.7112,53.2334],[-9.7174,53.2447],[-9.7028,53.2505],[-9.7128,53.2522],[-9.7202,53.257],[-9.724,53.2634]]],[[[-9.712,53.2971],[-9.7043,53.3046],[-9.6843,53.3099],[-9.6757,53.3089],[-9.6508,53.3002],[-9.644,53.3043],[-9.6298,53.2972],[-9.6383,53.2948],[-9.6489,53.2882],[-9.6613,53.2886],[-9.6858,53.2859],[-9.6847,53.2811],[-9.704,53.2841],[-9.6925,53.2874],[-9.6912,53.2913],[-9.7045,53.2932],[-9.712,53.2971]]],[[[-9.5562,53.0498],[-9.5467,53.0625],[-9.5329,53.0686],[-9.5134,53.0671],[-9.504,53.0634],[-9.5015,53.0592],[-9.515,53.0492],[-9.5255,53.0453],[-9.539,53.0467],[-9.5412,53.0489],[-9.5562,53.0498]]],[[[-9.6204,53.068],[-9.6152,53.0755],[-9.6133,53.0841],[-9.6002,53.0919],[-9.6007,53.095],[-9.5928,53.1003],[-9.5713,53.1018],[-9.5618,53.0979],[-9.5646,53.0931],[-9.562,53.0864],[-9.5702,53.083],[-9.5819,53.0706],[-9.6077,53.0649],[-9.6204,53.068]]],[[[-9.7611,53.2304],[-9.7527,53.2348],[-9.7419,53.2364],[-9.7431,53.2471],[-9.7315,53.25],[-9.7187,53.247],[-9.7222,53.2398],[-9.7188,53.2276],[-9.7347,53.2314],[-9.75,53.2298],[-9.7611,53.2304]]],[[[-9.9107,53.409],[-9.9044,53.4165],[-9.8984,53.4155],[-9.895,53.41],[-9.8973,53.4036],[-9.8897,53.3999],[-9.8867,53.3928],[-9.9021,53.3903],[-9.8915,53.3853],[-9.8901,53.3776],[-9.9018,53.3757],[-9.9079,53.3798],[-9.9029,53.3875],[-9.9107,53.409]]],[[[-9.8746,53.3042],[-9.862,53.3108],[-9.8526,53.3116],[-9.8455,53.306],[-9.84,53.2935],[-9.85,53.2909],[-9.8506,53.2996],[-9.8616,53.2997],[-9.8641,53.3031],[-9.8746,53.3042]]],[[[-10.3037,53.6026],[-10.2925,53.6106],[-10.296,53.6137],[-10.2896,53.6192],[-10.2702,53.6138],[-10.2617,53.6086],[-10.2703,53.6039],[-10.284,53.6075],[-10.2972,53.5998],[-10.3037,53.6026]]],[[[-10.1831,53.5336],[-10.1795,53.5362],[-10.1538,53.5374],[-10.1499,53.5258],[-10.1659,53.5225],[-10.1754,53.5264],[-10.1778,53.5337],[-10.1831,53.5336]]],[[[-10.1456,53.6272],[-10.1294,53.6289],[-10.1279,53.6259],[-10.1456,53.6272]]],[[[-10.1643,53.5068],[-10.1532,53.5153],[-10.1467,53.5139],[-10.1521,53.5066],[-10.1643,53.5068]]],[[[-9.0487,53.22],[-9.0401,53.2205],[-9.0284,53.2242],[-9.0074,53.224],[-9.0103,53.2192],[-9.0218,53.2176],[-9.0274,53.2136],[-9.0487,53.22]]],[[[-9.652,53.3106],[-9.6498,53.3168],[-9.6406,53.3204],[-9.6316,53.3203],[-9.6366,53.311],[-9.652,53.3106]]],[[[-9.6854,53.3203],[-9.6754,53.3206],[-9.6645,53.3235],[-9.664,53.3167],[-9.6736,53.3178],[-9.6815,53.3148],[-9.6854,53.3203]]],[[[-10.168,53.5002],[-10.1474,53.5039],[-10.1483,53.4973],[-10.1591,53.4976],[-10.168,53.5002]]],[[[-10.179,53.6124],[-10.1658,53.6146],[-10.1664,53.6099],[-10.179,53.6124]]],[[[-9.751,53.2552],[-9.75,53.2626],[-9.7407,53.26],[-9.738,53.2485],[-9.7465,53.2485],[-9.751,53.2552]]],[[[-9.8227,53.2893],[-9.8128,53.3015],[-9.801,53.2996],[-9.8115,53.2947],[-9.8172,53.288],[-9.8227,53.2893]]],[[[-9.7223,53.2826],[-9.7202,53.2842],[-9.7032,53.2794],[-9.7127,53.2724],[-9.72,53.2744],[-9.7223,53.2826]]],[[[-9.7596,53.2407],[-9.7537,53.2455],[-9.743,53.2434],[-9.7481,53.2391],[-9.7596,53.2407]]],[[[-9.7454,53.2817],[-9.7403,53.2833],[-9.7295,53.2803],[-9.735,53.2765],[-9.7454,53.2817]]],[[[-9.6267,53.2817],[-9.6169,53.2847],[-9.6172,53.2766],[-9.6267,53.2817]]],[[[-9.8957,53.2981],[-9.8878,53.3035],[-9.8821,53.299],[-9.8886,53.2963],[-9.8957,53.2981]]],[[[-9.5966,53.3478],[-9.5859,53.3473],[-9.5869,53.3414],[-9.5913,53.3379],[-9.5935,53.3401],[-9.5937,53.3432],[-9.5961,53.3431],[-9.5966,53.3478]]],[[[-9.9338,53.3671],[-9.9327,53.3737],[-9.9234,53.376],[-9.9217,53.37],[-9.9256,53.3664],[-9.9338,53.3671]]],[[[-9.9808,53.3265],[-9.9793,53.3291],[-9.9634,53.3289],[-9.9723,53.3197],[-9.9808,53.3265]]]]},"properties":{"stroke":"#000000","stroke-opacity":0.5,"stroke-width":1,"fill":"#800000","fill-opacity":0.5,"OSM_ID":-335444,"NAME_TAG":"Galway","NAME_GA":"Contae na Gaillimhe","NAME_EN":"County Galway","ALT_NAME":null,"ALT_NAME_G":null,"LOGAINM_RE":"100015","OSM_USER":"Polarbear","OSM_TIMEST":"2009-11-24 21:11:54+01","ATTRIBUTIO":null,"T_IE_URL":"http://www.townlands.ie/galway","AREA":6169255972.40426,"LATITUDE":53.3627496825442,"LONGITUDE":-8.95355007293209,"EPOCH_TSTM":1259093514}},{"type":"Feature","geometry":{"type":"MultiPolygon","coordinates":[[[[-9.1328,54.1626],[-9.121,54.1552],[-9.1029,54.1492],[-9.1045,54.144],[-9.0898,54.143],[-9.0843,54.146],[-9.0677,54.1453],[-9.0567,54.1465],[-9.0526,54.1568],[-9.0306,54.1571],[-9.021,54.159],[-9.0022,54.1514],[-8.9925,54.1496],[-8.9645,54.1483],[-8.9552,54.1449],[-8.9368,54.1431],[-8.9436,54.1324],[-8.9374,54.1275],[-8.9223,54.1252],[-8.9169,54.1182],[-8.9234,54.1118],[-8.9354,54.1061],[-8.9536,54.1045],[-8.96,54.1023],[-8.9549,54.0898],[-8.9702,54.086],[-8.9664,54.0803],[-8.97,54.0731],[-8.9832,54.0683],[-8.9995,54.0587],[-9.0062,54.0582],[-9.0154,54.0495],[-9.0159,54.0342],[-9.011,54.0316],[-9.0122,54.0241],[-8.9864,54.0264],[-8.9775,54.0242],[-8.969,54.0271],[-8.9601,54.0244],[-8.9475,54.0166],[-8.9422,54.0096],[-8.9238,54.0089],[-8.9087,54.0137],[-8.8953,54.022],[-8.8832,54.0209],[-8.8887,54.007],[-8.8785,53.9959],[-8.8783,53.9893],[-8.864,53.99],[-8.8614,53.9806],[-8.849,53.971],[-8.8452,53.9722],[-8.8109,53.9655],[-8.7825,53.9663],[-8.781,53.9745],[-8.7664,53.9767],[-8.7557,53.9759],[-8.7512,53.9828],[-8.7385,53.9947],[-8.7245,53.9873],[-8.7135,53.9877],[-8.7057,53.9968],[-8.7066,54.0008],[-8.7008,54.0054],[-8.6916,54.0065],[-8.6814,54.0116],[-8.6754,54.0185],[-8.6824,54.0297],[-8.6651,54.0312],[-8.661,54.0356],[-8.6497,54.0388],[-8.6474,54.0335],[-8.6177,54.0212],[-8.6102,54.0211],[-8.5984,54.0166],[-8.5828,54.0129],[-8.5898,54.0058],[-8.5896,53.9987],[-8.5931,53.9921],[-8.5899,53.9794],[-8.593,53.9764],[-8.5942,53.9669],[-8.5901,53.9653],[-8.5851,53.9538],[-8.6076,53.9551],[-8.6274,53.9606],[-8.6406,53.9629],[-8.6637,53.9708],[-8.6667,53.975],[-8.6853,53.9647],[-8.6913,53.9631],[-8.6851,53.9545],[-8.6762,53.9503],[-8.6871,53.9249],[-8.6854,53.9188],[-8.668,53.9119],[-8.6617,53.906],[-8.6332,53.8992],[-8.6365,53.8894],[-8.6266,53.8863],[-8.6287,53.8807],[-8.6374,53.8771],[-8.6355,53.8686],[-8.6482,53.8655],[-8.6777,53.8771],[-8.6829,53.8735],[-8.7038,53.8744],[-8.6995,53.8631],[-8.6943,53.8624],[-8.6955,53.8518],[-8.7058,53.8504],[-8.7127,53.8467],[-8.7214,53.8484],[-8.7114,53.8319],[-8.723,53.8243],[-8.7156,53.8171],[-8.7282,53.8151],[-8.7395,53.81],[-8.733,53.8062],[-8.7171,53.8026],[-8.7083,53.8019],[-8.7055,53.7975],[-8.6931,53.7976],[-8.6864,53.793],[-8.6893,53.7883],[-8.68,53.7799],[-8.6679,53.7757],[-8.6842,53.7661],[-8.6806,53.7639],[-8.6802,53.7532],[-8.7005,53.7337],[-8.6933,53.724],[-8.7149,53.7237],[-8.7129,53.7121],[-8.7278,53.7093],[-8.7291,53.7065],[-8.7551,53.701],[-8.7601,53.6968],[-8.7573,53.6919],[-8.7733,53.6898],[-8.7921,53.6958],[-8.7979,53.6896],[-8.8068,53.6749],[-8.8235,53.665],[-8.838,53.6575],[-8.8425,53.6529],[-8.8543,53.6531],[-8.8677,53.6567],[-8.8826,53.6525],[-8.9,53.6528],[-8.9015,53.6421],[-8.9122,53.6441],[-8.9268,53.6541],[-8.9464,53.6617],[-8.9548,53.6557],[-8.9634,53.654],[-8.9714,53.6553],[-8.9788,53.6443],[-8.975,53.6424],[-8.9731,53.6325],[-8.9749,53.6254],[-8.9882,53.6186],[-8.9808,53.6096],[-8.9804,53.605],[-8.9901,53.6032],[-8.9949,53.5982],[-9.0012,53.6022],[-9.0071,53.5988],[-9.0156,53.5979],[-9.0094,53.5916],[-9.0068,53.5841],[-9.029,53.5789],[-9.0408,53.5812],[-9.0441,53.5763],[-9.0387,53.5644],[-9.0406,53.5608],[-9.0303,53.5573],[-9.0276,53.55],[-9.0343,53.5452],[-9.0391,53.5363],[-9.0555,53.5349],[-9.0574,53.5283],[-9.0769,53.5217],[-9.0936,53.515],[-9.0949,53.5023],[-9.0993,53.4939],[-9.1158,53.4943],[-9.1249,53.482],[-9.1371,53.4772],[-9.1463,53.4809],[-9.1584,53.4826],[-9.1672,53.4799],[-9.1748,53.4739],[-9.1814,53.472],[-9.1919,53.4757],[-9.2052,53.4725],[-9.2127,53.4785],[-9.2367,53.4801],[-9.2354,53.4995],[-9.2791,53.5155],[-9.2787,53.5256],[-9.2855,53.5315],[-9.2884,53.5387],[-9.286,53.5473],[-9.2959,53.5444],[-9.3067,53.5455],[-9.3034,53.5553],[-9.3111,53.5551],[-9.3202,53.5501],[-9.3264,53.5403],[-9.3422,53.5417],[-9.3536,53.5469],[-9.3518,53.5562],[-9.3454,53.5635],[-9.3569,53.5682],[-9.3606,53.5737],[-9.4124,53.5675],[-9.4288,53.564],[-9.4406,53.5654],[-9.4822,53.5621],[-9.4908,53.5682],[-9.5174,53.5776],[-9.521,53.5801],[-9.5406,53.5821],[-9.5431,53.581],[-9.5574,53.6012],[-9.5555,53.6077],[-9.5644,53.6123],[-9.5783,53.5996],[-9.5851,53.599],[-9.6106,53.6067],[-9.6289,53.6056],[-9.6418,53.601],[-9.6526,53.6027],[-9.6598,53.6102],[-9.6694,53.6127],[-9.6751,53.6145],[-9.6821,53.6096],[-9.7001,53.6043],[-9.7155,53.6049],[-9.7421,53.6022],[-9.7607,53.6034],[-9.7726,53.6014],[-9.7885,53.6036],[-9.8031,53.6113],[-9.8155,53.616],[-9.8254,53.6174],[-9.8401,53.6237],[-9.8549,53.6257],[-9.859,53.6281],[-9.8792,53.634],[-9.8762,53.6387],[-9.8871,53.6446],[-9.8881,53.6496],[-9.9114,53.6511],[-9.9134,53.6669],[-9.9064,53.6755],[-9.9091,53.682],[-9.92,53.6899],[-9.92,53.6977],[-9.9144,53.6998],[-9.9104,53.7158],[-9.9041,53.7205],[-9.8963,53.734],[-9.8996,53.7481],[-9.907,53.754],[-9.9018,53.7644],[-9.8835,53.7635],[-9.8657,53.7681],[-9.834,53.7709],[-9.8274,53.7693],[-9.8119,53.7734],[-9.8031,53.7786],[-9.7793,53.7828],[-9.7703,53.7821],[-9.7704,53.7766],[-9.7626,53.7744],[-9.7402,53.7738],[-9.7328,53.7759],[-9.7198,53.776],[-9.6997,53.7794],[-9.6832,53.7851],[-9.6626,53.7875],[-9.6586,53.7821],[-9.6402,53.7824],[-9.6367,53.7883],[-9.6188,53.7859],[-9.6152,53.7814],[-9.6067,53.7801],[-9.5967,53.7822],[-9.5817,53.7817],[-9.582,53.7865],[-9.5725,53.787],[-9.5625,53.7942],[-9.5596,53.799],[-9.5508,53.8009],[-9.5535,53.8068],[-9.57,53.8084],[-9.5751,53.8041],[-9.5861,53.8062],[-9.5928,53.8024],[-9.5984,53.804],[-9.5923,53.8105],[-9.6172,53.8115],[-9.6269,53.8231],[-9.6213,53.826],[-9.6201,53.8326],[-9.6115,53.8383],[-9.618,53.8403],[-9.6175,53.8448],[-9.6032,53.846],[-9.5895,53.8505],[-9.5847,53.8562],[-9.5704,53.8512],[-9.5621,53.8575],[-9.5738,53.8585],[-9.5734,53.8658],[-9.5865,53.8678],[-9.5748,53.8735],[-9.5783,53.8796],[-9.5642,53.878],[-9.5535,53.8862],[-9.5655,53.8889],[-9.5694,53.8931],[-9.5798,53.8937],[-9.5869,53.8974],[-9.6077,53.8919],[-9.6131,53.8944],[-9.634,53.8921],[-9.6389,53.8957],[-9.6499,53.8868],[-9.6587,53.8905],[-9.6504,53.894],[-9.6547,53.8979],[-9.6656,53.8941],[-9.6896,53.8999],[-9.6978,53.8979],[-9.7117,53.8999],[-9.7156,53.8963],[-9.7248,53.8968],[-9.7406,53.9015],[-9.7476,53.8937],[-9.7572,53.8984],[-9.7693,53.9011],[-9.7761,53.9051],[-9.7845,53.9023],[-9.7778,53.8971],[-9.7924,53.8962],[-9.8026,53.8852],[-9.8198,53.876],[-9.8344,53.8724],[-9.8427,53.8727],[-9.856,53.8681],[-9.8812,53.8643],[-9.8908,53.8666],[-9.9067,53.8625],[-9.9139,53.8674],[-9.9356,53.8725],[-9.9312,53.8848],[-9.9244,53.8871],[-9.9225,53.8918],[-9.9273,53.8961],[-9.931,53.9052],[-9.9299,53.9129],[-9.9161,53.9173],[-9.9138,53.9232],[-9.9035,53.9321],[-9.9196,53.9325],[-9.9197,53.9396],[-9.9062,53.9438],[-9.9055,53.9515],[-9.8865,53.955],[-9.8858,53.9576],[-9.8389,53.9588],[-9.8338,53.9524],[-9.8152,53.9457],[-9.804,53.95],[-9.7975,53.9465],[-9.8004,53.9347],[-9.8149,53.9274],[-9.8088,53.9239],[-9.805,53.9137],[-9.794,53.9138],[-9.7947,53.9231],[-9.7911,53.9439],[-9.7975,53.9505],[-9.7933,53.956],[-9.8009,53.9683],[-9.8217,53.9582],[-9.8287,53.9606],[-9.8318,53.9683],[-9.8411,53.9623],[-9.8514,53.9671],[-9.8466,53.9737],[-9.8483,53.9951],[-9.833,53.9917],[-9.8277,53.9924],[-9.8456,54.0026],[-9.8556,54.0016],[-9.88,54.0084],[-9.883,54.0119],[-9.8743,54.017],[-9.8821,54.0194],[-9.8963,54.0196],[-9.899,54.0325],[-9.907,54.0377],[-9.9076,54.0466],[-9.899,54.0469],[-9.8921,54.0501],[-9.8876,54.0572],[-9.8907,54.0647],[-9.8867,54.0703],[-9.8762,54.0565],[-9.8622,54.0569],[-9.8665,54.0612],[-9.8582,54.066],[-9.8687,54.0736],[-9.8668,54.0782],[-9.8706,54.0822],[-9.8648,54.0863],[-9.848,54.0869],[-9.8406,54.0903],[-9.8568,54.1026],[-9.8598,54.1068],[-9.8398,54.1078],[-9.8514,54.1121],[-9.8593,54.1125],[-9.8762,54.108],[-9.8728,54.0996],[-9.8818,54.0981],[-9.8856,54.0934],[-9.9006,54.097],[-9.9004,54.0905],[-9.8912,54.0808],[-9.8954,54.0793],[-9.8929,54.0724],[-9.9108,54.068],[-9.9225,54.0677],[-9.9259,54.0629],[-9.9364,54.062],[-9.9451,54.0667],[-9.9528,54.0638],[-9.9676,54.0617],[-9.9692,54.067],[-9.9628,54.0712],[-9.968,54.0856],[-9.9758,54.0954],[-9.9886,54.1007],[-9.9838,54.1067],[-9.9751,54.105],[-9.964,54.1089],[-9.9563,54.1072],[-9.936,54.1132],[-9.9302,54.1208],[-9.9177,54.1197],[-9.9105,54.1167],[-9.9019,54.1179],[-9.9125,54.1299],[-9.924,54.1331],[-9.9334,54.1256],[-9.9486,54.1406],[-9.9603,54.1433],[-9.9553,54.149],[-9.9579,54.1536],[-9.9422,54.1512],[-9.9329,54.1467],[-9.9242,54.1488],[-9.923,54.1537],[-9.9381,54.1562],[-9.9468,54.1662],[-9.9581,54.1741],[-9.9711,54.1786],[-9.9829,54.178],[-9.9848,54.1827],[-9.9696,54.1822],[-9.9674,54.1782],[-9.955,54.173],[-9.9425,54.1761],[-9.934,54.1825],[-9.9375,54.1863],[-9.9319,54.1941],[-9.9452,54.1988],[-9.9556,54.1968],[-9.9775,54.2106],[-9.9875,54.2137],[-9.9917,54.2193],[-9.9922,54.2273],[-10.0026,54.2247],[-10.0137,54.2255],[-10.0033,54.2172],[-10.0068,54.2135],[-10.0201,54.2147],[-10.0245,54.2111],[-10.009,54.2055],[-10.0046,54.1959],[-10.0133,54.1899],[-10.04,54.1933],[-10.0501,54.1905],[-10.0418,54.1864],[-10.0412,54.1803],[-10.0363,54.177],[-10.0373,54.1721],[-10.0437,54.1689],[-10.0532,54.1712],[-10.0703,54.1683],[-10.0709,54.1628],[-10.0894,54.1616],[-10.0931,54.1554],[-10.0584,54.149],[-10.0578,54.1439],[-10.0683,54.1437],[-10.0741,54.1408],[-10.0665,54.1242],[-10.0722,54.1221],[-10.0781,54.1274],[-10.085,54.1273],[-10.0914,54.1209],[-10.0924,54.1128],[-10.0742,54.1116],[-10.0689,54.1014],[-10.0602,54.0989],[-10.0703,54.0902],[-10.0806,54.0866],[-10.094,54.0877],[-10.1128,54.0968],[-10.1228,54.095],[-10.133,54.1092],[-10.1219,54.1123],[-10.1254,54.1216],[-10.1237,54.1341],[-10.1175,54.1424],[-10.1182,54.1459],[-10.107,54.1484],[-10.0987,54.1573],[-10.086,54.1807],[-10.0869,54.1878],[-10.0949,54.2001],[-10.0864,54.2041],[-10.0827,54.2095],[-10.0701,54.2114],[-10.0549,54.2185],[-10.0551,54.2267],[-10.0677,54.2323],[-10.0731,54.2296],[-10.0812,54.2313],[-10.0949,54.2376],[-10.1101,54.2414],[-10.1008,54.2446],[-10.0874,54.2428],[-10.0788,54.239],[-10.0697,54.2377],[-10.0736,54.2458],[-10.0954,54.2475],[-10.0816,54.2574],[-10.0766,54.2644],[-10.0794,54.2675],[-10.0703,54.2765],[-10.0594,54.2773],[-10.0523,54.2801],[-10.0478,54.2852],[-10.035,54.282],[-10.0282,54.2846],[-10.0276,54.2894],[-10.0204,54.2935],[-10.008,54.2928],[-10.0019,54.3057],[-9.9976,54.3058],[-9.9887,54.2996],[-9.9902,54.2947],[-9.9866,54.29],[-9.9737,54.2881],[-9.9573,54.2713],[-9.9464,54.2725],[-9.9449,54.2692],[-9.9284,54.2658],[-9.935,54.2617],[-9.9358,54.252],[-9.9269,54.2573],[-9.927,54.2678],[-9.9187,54.2702],[-9.9179,54.2625],[-9.9063,54.2617],[-9.8932,54.2678],[-9.8893,54.2635],[-9.8952,54.2592],[-9.8929,54.2549],[-9.9021,54.2391],[-9.9093,54.2396],[-9.9193,54.2364],[-9.9221,54.2328],[-9.918,54.227],[-9.9465,54.2274],[-9.9487,54.2211],[-9.9569,54.2215],[-9.9615,54.2298],[-9.9699,54.2177],[-9.9476,54.2126],[-9.9263,54.2121],[-9.8985,54.2133],[-9.8756,54.2184],[-9.8772,54.2268],[-9.8925,54.2304],[-9.8817,54.2337],[-9.8681,54.2297],[-9.8668,54.2345],[-9.8804,54.2459],[-9.8785,54.2577],[-9.8707,54.2605],[-9.8721,54.2666],[-9.8666,54.268],[-9.8656,54.2746],[-9.8559,54.2742],[-9.8411,54.2808],[-9.8325,54.2801],[-9.8144,54.2853],[-9.8045,54.274],[-9.8037,54.2697],[-9.7946,54.2662],[-9.7815,54.2642],[-9.7646,54.2561],[-9.7473,54.2531],[-9.7411,54.2564],[-9.7735,54.2687],[-9.7858,54.2703],[-9.8042,54.2779],[-9.8026,54.2821],[-9.8084,54.2873],[-9.804,54.2934],[-9.7939,54.2938],[-9.7849,54.2855],[-9.778,54.2897],[-9.7908,54.2973],[-9.8013,54.2944],[-9.8083,54.2953],[-9.8119,54.291],[-9.8187,54.2908],[-9.8324,54.2993],[-9.8423,54.3009],[-9.8548,54.3073],[-9.8562,54.3136],[-9.8612,54.3196],[-9.8597,54.3238],[-9.8503,54.324],[-9.8361,54.3272],[-9.8216,54.336],[-9.8046,54.3438],[-9.7931,54.3384],[-9.7842,54.3451],[-9.7771,54.3377],[-9.7692,54.3362],[-9.7597,54.3392],[-9.7454,54.3347],[-9.7401,54.3272],[-9.7212,54.3281],[-9.7201,54.3255],[-9.6885,54.3175],[-9.6724,54.3188],[-9.658,54.3169],[-9.6495,54.3176],[-9.6438,54.3246],[-9.6285,54.3236],[-9.6158,54.3271],[-9.6081,54.3236],[-9.6004,54.3243],[-9.5803,54.3205],[-9.5615,54.3233],[-9.5626,54.3144],[-9.5535,54.3131],[-9.5382,54.3177],[-9.5295,54.3101],[-9.5091,54.3104],[-9.5037,54.3191],[-9.4908,54.316],[-9.4801,54.3185],[-9.4638,54.3099],[-9.4523,54.3071],[-9.4459,54.3105],[-9.4353,54.3098],[-9.4322,54.3125],[-9.4098,54.3097],[-9.4012,54.3102],[-9.3905,54.3071],[-9.3872,54.2957],[-9.3767,54.2961],[-9.3721,54.3063],[-9.3527,54.3167],[-9.3396,54.3263],[-9.3365,54.322],[-9.3285,54.3184],[-9.3047,54.316],[-9.2883,54.3116],[-9.2825,54.3123],[-9.2645,54.3099],[-9.251,54.3011],[-9.2488,54.2937],[-9.2553,54.2815],[-9.2543,54.2695],[-9.2439,54.2703],[-9.2415,54.2798],[-9.228,54.2787],[-9.2223,54.2868],[-9.2134,54.2872],[-9.2068,54.2759],[-9.2162,54.261],[-9.2149,54.2514],[-9.2199,54.2458],[-9.2396,54.237],[-9.2282,54.2352],[-9.2148,54.2437],[-9.2174,54.2468],[-9.1957,54.2472],[-9.1917,54.2401],[-9.1977,54.2294],[-9.2055,54.2243],[-9.2152,54.223],[-9.2192,54.2134],[-9.1915,54.2074],[-9.1823,54.2083],[-9.1728,54.2014],[-9.1584,54.2002],[-9.1622,54.1937],[-9.1612,54.1887],[-9.1469,54.1858],[-9.1432,54.1832],[-9.1455,54.1743],[-9.1394,54.169],[-9.1412,54.162],[-9.1328,54.1626]]],[[[-10.2588,53.9746],[-10.2372,53.9833],[-10.2233,53.9823],[-10.2102,53.9864],[-10.1874,53.9974],[-10.1919,54.0049],[-10.1867,54.0155],[-10.1767,54.0084],[-10.1635,54.0077],[-10.1492,54.0097],[-10.1448,54.0033],[-10.1318,53.9994],[-10.1277,54.0019],[-10.1125,54.0007],[-10.0996,54.0011],[-10.0976,54.0079],[-10.0774,54.0213],[-10.0635,54.0253],[-10.0457,54.0248],[-10.0414,54.0234],[-10.0273,54.0116],[-10.0129,54.0167],[-10.0006,54.0167],[-9.9897,54.0135],[-9.9791,54.0215],[-9.9749,54.0302],[-9.968,54.0273],[-9.9612,54.0188],[-9.9513,54.016],[-9.9376,54.0065],[-9.9393,54.0026],[-9.9286,53.9954],[-9.9389,53.9912],[-9.9555,53.9907],[-9.9583,53.9881],[-9.95,53.9821],[-9.9542,53.9794],[-9.9547,53.9727],[-9.9492,53.9583],[-9.9297,53.9613],[-9.9194,53.9653],[-9.9147,53.9645],[-9.9248,53.9546],[-9.9253,53.9397],[-9.941,53.9309],[-9.9283,53.9317],[-9.9249,53.9282],[-9.954,53.912],[-9.9417,53.9089],[-9.9368,53.8989],[-9.9384,53.8923],[-9.9433,53.8878],[-9.9486,53.8773],[-9.9576,53.8741],[-9.9664,53.876],[-9.9817,53.8865],[-9.9902,53.8872],[-10.0016,53.8993],[-9.9925,53.9025],[-10.0151,53.9122],[-10.0174,53.9204],[-10.0264,53.9217],[-10.0372,53.9146],[-10.0468,53.9155],[-10.059,53.9249],[-10.0559,53.9376],[-10.0512,53.9435],[-10.0536,53.9537],[-10.0447,53.9572],[-10.0495,53.9636],[-10.0613,53.9696],[-10.0762,53.9735],[-10.0872,53.9713],[-10.0926,53.9658],[-10.1005,53.9628],[-10.109,53.9659],[-10.1176,53.9635],[-10.1231,53.9722],[-10.1342,53.97],[-10.1597,53.9675],[-10.1825,53.9685],[-10.1893,53.9701],[-10.1944,53.9668],[-10.1953,53.9603],[-10.215,53.9651],[-10.2228,53.9721],[-10.237,53.9771],[-10.2588,53.9746]]],[[[-10.14,53.6978],[-10.1302,53.704],[-10.1277,53.7099],[-10.1194,53.7126],[-10.1082,53.7108],[-10.0938,53.7152],[-10.0807,53.7108],[-10.0881,53.7061],[-10.0909,53.6964],[-10.1009,53.6942],[-10.1125,53.6943],[-10.1312,53.6902],[-10.1379,53.6913],[-10.14,53.6978]]],[[[-10.2395,54.1057],[-10.2324,54.1103],[-10.2304,54.1155],[-10.2176,54.12],[-10.2114,54.1243],[-10.2057,54.1136],[-10.2175,54.1144],[-10.2247,54.108],[-10.2339,54.1035],[-10.2395,54.1057]]],[[[-10.0533,53.7881],[-10.0466,53.7925],[-10.0499,53.8018],[-10.0442,53.805],[-10.0256,53.8101],[-10.0039,53.813],[-9.9957,53.8159],[-9.9929,53.8225],[-9.983,53.8287],[-9.9723,53.8239],[-9.9656,53.8147],[-9.9597,53.8124],[-9.9429,53.8109],[-9.9456,53.8063],[-9.958,53.7952],[-9.9689,53.7943],[-9.9868,53.7897],[-10.0146,53.789],[-10.0236,53.7911],[-10.0533,53.7881]]],[[[-9.8762,53.9895],[-9.868,53.9883],[-9.8652,53.9957],[-9.8599,53.9945],[-9.8526,53.9813],[-9.8553,53.9742],[-9.8664,53.9757],[-9.8743,53.9839],[-9.8762,53.9895]]],[[[-10.1841,54.0739],[-10.1698,54.0793],[-10.1618,54.0762],[-10.1654,54.0716],[-10.1768,54.0706],[-10.1841,54.0739]]],[[[-9.9685,53.871],[-9.9502,53.8716],[-9.9435,53.867],[-9.9442,53.8573],[-9.9685,53.871]]],[[[-9.9251,53.9949],[-9.9153,54.0001],[-9.8962,54.0006],[-9.8902,53.9987],[-9.8927,53.9913],[-9.9047,53.991],[-9.9093,53.9848],[-9.9177,53.9887],[-9.9251,53.9949]]],[[[-9.6521,53.8351],[-9.6324,53.8382],[-9.6278,53.8307],[-9.6385,53.8295],[-9.6349,53.836],[-9.6521,53.8351]]],[[[-10.2096,54.1329],[-10.2078,54.1394],[-10.2004,54.1407],[-10.1845,54.1371],[-10.1904,54.1313],[-10.2047,54.1248],[-10.2096,54.1329]]],[[[-10.1359,54.2114],[-10.1329,54.2136],[-10.1182,54.2101],[-10.1206,54.2074],[-10.1359,54.2114]]],[[[-10.0386,53.7207],[-10.024,53.7184],[-10.028,53.7132],[-10.0386,53.7207]]],[[[-9.1981,54.2228],[-9.1917,54.2232],[-9.1758,54.2187],[-9.1556,54.2152],[-9.1465,54.2113],[-9.1395,54.2015],[-9.1491,54.2007],[-9.1486,54.2057],[-9.1632,54.2123],[-9.1981,54.2228]]]]},"properties":{"stroke":"#000000","stroke-opacity":0.5,"stroke-width":1,"fill":"#FF0000","fill-opacity":0.5,"OSM_ID":-338539,"NAME_TAG":"Mayo","NAME_GA":"Contae Mhaigh Eo","NAME_EN":"County Mayo","ALT_NAME":null,"ALT_NAME_G":null,"LOGAINM_RE":"100023","OSM_USER":"Polarbear","OSM_TIMEST":"2009-11-28 21:59:01+01","ATTRIBUTIO":null,"T_IE_URL":"http://www.townlands.ie/mayo","AREA":5596622537.48628,"LATITUDE":53.9242374034416,"LONGITUDE":-9.38523247886945,"EPOCH_TSTM":1259441941}},{"type":"Feature","geometry":{"type":"Polygon","coordinates":[[[-7.7305,52.9575],[-7.7307,52.9626],[-7.7174,52.9688],[-7.716,52.9729],[-7.7081,52.9779],[-7.7113,52.9887],[-7.7089,52.9966],[-7.7091,53.0092],[-7.7022,53.016],[-7.6965,53.0271],[-7.6909,53.0309],[-7.6772,53.0321],[-7.6543,53.0405],[-7.6582,53.0508],[-7.6388,53.0614],[-7.6222,53.0664],[-7.6061,53.0767],[-7.6003,53.0837],[-7.6037,53.0865],[-7.5957,53.0911],[-7.5888,53.0981],[-7.5865,53.1037],[-7.5912,53.1061],[-7.6133,53.1113],[-7.6104,53.1179],[-7.6229,53.1287],[-7.6303,53.1301],[-7.645,53.143],[-7.6463,53.1517],[-7.6354,53.1565],[-7.6293,53.1618],[-7.6314,53.1676],[-7.6091,53.1726],[-7.595,53.1717],[-7.5809,53.1756],[-7.57,53.175],[-7.5474,53.1766],[-7.5324,53.1845],[-7.494,53.1901],[-7.4872,53.1968],[-7.4811,53.1939],[-7.453,53.1864],[-7.4439,53.1851],[-7.4323,53.1869],[-7.427,53.1931],[-7.4293,53.2067],[-7.4201,53.2103],[-7.4053,53.2126],[-7.3912,53.2075],[-7.3845,53.2134],[-7.3605,53.2084],[-7.36,53.2035],[-7.3531,53.197],[-7.3405,53.1915],[-7.3317,53.1843],[-7.3174,53.1698],[-7.3326,53.1695],[-7.319,53.1442],[-7.3094,53.1376],[-7.3009,53.1344],[-7.2857,53.1375],[-7.2732,53.1361],[-7.2599,53.1431],[-7.2463,53.1427],[-7.2429,53.1389],[-7.225,53.1503],[-7.2171,53.1494],[-7.2042,53.1556],[-7.1984,53.1559],[-7.1927,53.1623],[-7.1927,53.1676],[-7.1803,53.1748],[-7.1751,53.1664],[-7.1767,53.161],[-7.1718,53.1575],[-7.1601,53.1584],[-7.1513,53.1564],[-7.1415,53.1585],[-7.1156,53.1584],[-7.1096,53.1619],[-7.1061,53.1681],[-7.0993,53.1724],[-7.0841,53.1731],[-7.0663,53.1695],[-7.0634,53.162],[-7.0715,53.1501],[-7.0767,53.1504],[-7.0853,53.1577],[-7.0964,53.1591],[-7.0985,53.1546],[-7.0933,53.1517],[-7.097,53.1347],[-7.0836,53.1276],[-7.0787,53.1219],[-7.0731,53.1069],[-7.0672,53.1084],[-7.06,53.1057],[-7.0531,53.0947],[-7.0554,53.0902],[-7.0451,53.0737],[-7.0537,53.066],[-7.0478,53.0566],[-7.059,53.0532],[-7.06,53.0444],[-7.0581,53.0376],[-7.066,53.0372],[-7.0718,53.0312],[-7.0687,53.0212],[-7.0865,53.014],[-7.0901,53.0014],[-7.0688,52.9909],[-7.0654,52.9832],[-7.051,52.9803],[-7.0431,52.9769],[-7.0352,52.9787],[-7.0226,52.9746],[-7.0155,52.9684],[-6.98,52.9781],[-6.9724,52.9724],[-6.969,52.9634],[-6.9703,52.959],[-6.9554,52.9476],[-6.9544,52.939],[-6.9395,52.9226],[-6.9347,52.9152],[-6.9369,52.9059],[-6.9355,52.9005],[-6.9432,52.8903],[-6.9395,52.88],[-6.9341,52.866],[-6.9369,52.8605],[-6.9319,52.8467],[-6.9328,52.8435],[-6.946,52.8394],[-6.9375,52.8289],[-6.9526,52.8144],[-6.9653,52.8094],[-6.9912,52.8083],[-7.0125,52.8083],[-7.022,52.8105],[-7.0389,52.8083],[-7.0437,52.7968],[-7.0605,52.7931],[-7.0695,52.8081],[-7.0704,52.8128],[-7.0779,52.8163],[-7.0871,52.8165],[-7.0989,52.827],[-7.1201,52.8244],[-7.1222,52.8309],[-7.1299,52.8416],[-7.141,52.8477],[-7.1387,52.856],[-7.14,52.8692],[-7.1528,52.876],[-7.1585,52.8713],[-7.1664,52.8836],[-7.1768,52.8842],[-7.1797,52.8896],[-7.1893,52.8939],[-7.2044,52.8907],[-7.2127,52.8817],[-7.2207,52.8769],[-7.2261,52.878],[-7.2473,52.8784],[-7.243,52.8699],[-7.2433,52.8628],[-7.2594,52.849],[-7.276,52.8539],[-7.299,52.8635],[-7.3102,52.8664],[-7.3197,52.8615],[-7.3241,52.8623],[-7.3295,52.8517],[-7.3426,52.8417],[-7.3444,52.8298],[-7.3499,52.8213],[-7.3481,52.8126],[-7.3604,52.8143],[-7.3598,52.8239],[-7.3646,52.8306],[-7.3738,52.8307],[-7.3784,52.8233],[-7.3886,52.8201],[-7.3906,52.8052],[-7.399,52.7958],[-7.4115,52.8002],[-7.4306,52.8025],[-7.4398,52.7961],[-7.4463,52.7955],[-7.4519,52.7878],[-7.474,52.7863],[-7.4793,52.787],[-7.4951,52.8012],[-7.5078,52.8002],[-7.5195,52.8019],[-7.5161,52.8067],[-7.534,52.8114],[-7.5346,52.8035],[-7.5456,52.8073],[-7.5593,52.8087],[-7.5565,52.8144],[-7.5659,52.8217],[-7.5711,52.8221],[-7.577,52.8283],[-7.5885,52.8192],[-7.6,52.8154],[-7.6064,52.8111],[-7.6168,52.8094],[-7.612,52.79],[-7.6258,52.7897],[-7.6357,52.7876],[-7.6476,52.7899],[-7.6677,52.7824],[-7.674,52.7813],[-7.6788,52.7943],[-7.6802,52.8055],[-7.6891,52.8081],[-7.6886,52.8159],[-7.6947,52.8247],[-7.6971,52.8319],[-7.7164,52.8374],[-7.7192,52.8416],[-7.7322,52.852],[-7.7345,52.8584],[-7.7173,52.8652],[-7.7244,52.8888],[-7.7089,52.8914],[-7.7068,52.901],[-7.6921,52.9114],[-7.6845,52.9149],[-7.6759,52.9154],[-7.6659,52.9213],[-7.6602,52.9339],[-7.6789,52.9349],[-7.6855,52.9331],[-7.7021,52.9341],[-7.7114,52.9421],[-7.7227,52.9442],[-7.7304,52.9527],[-7.7305,52.9575]]]},"properties":{"stroke":"#000000","stroke-opacity":0.5,"stroke-width":1,"fill":"#0000FF","fill-opacity":0.5,"OSM_ID":-285915,"NAME_TAG":"Laois","NAME_GA":"Contae Laoise","NAME_EN":"County Laois","ALT_NAME":null,"ALT_NAME_G":null,"LOGAINM_RE":"100017","OSM_USER":"larryone","OSM_TIMEST":"2009-10-10 23:23:03+02","ATTRIBUTIO":null,"T_IE_URL":"http://www.townlands.ie/laois","AREA":1719355483.18411,"LATITUDE":52.9836725523849,"LONGITUDE":-7.35584126186631,"EPOCH_TSTM":1255209783}},{"type":"Feature","geometry":{"type":"Polygon","coordinates":[[[-7.919,53.8215],[-7.9117,53.8213],[-7.8969,53.824],[-7.8886,53.8238],[-7.8705,53.8139],[-7.8765,53.8084],[-7.8683,53.806],[-7.8611,53.8125],[-7.8652,53.8252],[-7.8547,53.8316],[-7.8464,53.8185],[-7.8372,53.8109],[-7.8289,53.8114],[-7.8163,53.8197],[-7.8109,53.8203],[-7.8032,53.8152],[-7.7882,53.8164],[-7.7878,53.823],[-7.7803,53.8289],[-7.7822,53.8372],[-7.7719,53.8461],[-7.7712,53.8498],[-7.777,53.8677],[-7.7668,53.8671],[-7.7599,53.8634],[-7.7547,53.8691],[-7.7582,53.8736],[-7.7463,53.879],[-7.7378,53.8762],[-7.7282,53.8813],[-7.7263,53.8881],[-7.7131,53.891],[-7.7123,53.8993],[-7.7014,53.9011],[-7.6907,53.9058],[-7.6925,53.9164],[-7.6881,53.9191],[-7.6801,53.9169],[-7.6673,53.9215],[-7.6683,53.9282],[-7.6612,53.9291],[-7.6578,53.9373],[-7.6471,53.9418],[-7.644,53.9379],[-7.6344,53.9395],[-7.6196,53.9354],[-7.6102,53.9384],[-7.603,53.9311],[-7.5957,53.9283],[-7.5931,53.9208],[-7.5828,53.9124],[-7.5855,53.9088],[-7.5798,53.9028],[-7.5748,53.9075],[-7.561,53.9056],[-7.5557,53.8974],[-7.5499,53.8929],[-7.5556,53.8903],[-7.5585,53.8776],[-7.5719,53.8799],[-7.5719,53.8737],[-7.5766,53.8648],[-7.5851,53.8569],[-7.5833,53.851],[-7.5783,53.85],[-7.5708,53.8545],[-7.5546,53.8532],[-7.5432,53.8536],[-7.5413,53.8577],[-7.5281,53.8638],[-7.5171,53.8588],[-7.4945,53.8605],[-7.4887,53.8527],[-7.4769,53.8537],[-7.4736,53.8494],[-7.4763,53.8428],[-7.4718,53.8388],[-7.4702,53.8295],[-7.4657,53.8235],[-7.4717,53.8117],[-7.4623,53.8013],[-7.4553,53.8023],[-7.4112,53.7898],[-7.4101,53.779],[-7.3984,53.7703],[-7.3957,53.7726],[-7.3845,53.771],[-7.3829,53.7641],[-7.3772,53.7634],[-7.38,53.7543],[-7.3837,53.751],[-7.3864,53.7417],[-7.3857,53.7356],[-7.3935,53.7324],[-7.4042,53.7336],[-7.4065,53.7259],[-7.4165,53.724],[-7.4296,53.7349],[-7.438,53.7309],[-7.4475,53.729],[-7.4587,53.7298],[-7.4586,53.7204],[-7.4666,53.7121],[-7.4835,53.7093],[-7.4859,53.7025],[-7.4947,53.7014],[-7.5158,53.7085],[-7.5169,53.705],[-7.5096,53.6988],[-7.5176,53.6954],[-7.5282,53.7],[-7.5263,53.6899],[-7.5348,53.685],[-7.5307,53.6811],[-7.5388,53.6767],[-7.542,53.6721],[-7.5489,53.6693],[-7.5683,53.6713],[-7.5709,53.662],[-7.5743,53.6594],[-7.5647,53.652],[-7.5692,53.6464],[-7.5925,53.657],[-7.6113,53.6597],[-7.6151,53.6488],[-7.6063,53.6484],[-7.5961,53.6442],[-7.5793,53.6403],[-7.5699,53.6352],[-7.5649,53.6294],[-7.5697,53.6222],[-7.5625,53.6172],[-7.5613,53.6125],[-7.5757,53.6108],[-7.5824,53.6141],[-7.5973,53.6131],[-7.6084,53.6067],[-7.6012,53.5985],[-7.6107,53.5917],[-7.6189,53.5893],[-7.6278,53.5911],[-7.631,53.5873],[-7.6305,53.5791],[-7.6382,53.5749],[-7.6499,53.5628],[-7.661,53.5585],[-7.6565,53.5516],[-7.6573,53.5404],[-7.661,53.5339],[-7.6749,53.5293],[-7.6819,53.5333],[-7.7053,53.5385],[-7.72,53.5352],[-7.7231,53.5304],[-7.7468,53.5272],[-7.7597,53.5353],[-7.7746,53.5354],[-7.7857,53.5386],[-7.7956,53.5365],[-7.8054,53.5384],[-7.8198,53.5443],[-7.8323,53.5424],[-7.8362,53.5389],[-7.8577,53.5492],[-7.8937,53.543],[-7.9145,53.5447],[-7.9213,53.5429],[-7.9388,53.5282],[-7.9479,53.5253],[-7.9698,53.5218],[-7.9809,53.5521],[-8.0156,53.5811],[-8.0362,53.6075],[-8.0362,53.6308],[-8.0347,53.6436],[-8.0265,53.6534],[-8.0151,53.6621],[-8.0036,53.6622],[-8.0018,53.6664],[-7.9842,53.6807],[-7.9829,53.6908],[-7.988,53.6986],[-7.9769,53.7018],[-7.9643,53.7114],[-7.9508,53.7118],[-7.944,53.7284],[-7.9476,53.7362],[-7.9384,53.7377],[-7.9308,53.7333],[-7.9169,53.7359],[-7.9177,53.7468],[-7.9087,53.7491],[-7.899,53.7561],[-7.8864,53.7591],[-7.8821,53.7672],[-7.8834,53.7714],[-7.8759,53.7773],[-7.8814,53.7856],[-7.8931,53.7861],[-7.9096,53.7943],[-7.911,53.8104],[-7.919,53.8215]]]},"properties":{"stroke":"#000000","stroke-opacity":0.5,"stroke-width":1,"fill":"#0000ff","fill-opacity":0.5,"OSM_ID":-335445,"NAME_TAG":"Longford","NAME_GA":"Contae an Longfoirt","NAME_EN":"County Longford","ALT_NAME":null,"ALT_NAME_G":null,"LOGAINM_RE":"100020","OSM_USER":"Polarbear","OSM_TIMEST":"2009-11-24 21:11:55+01","ATTRIBUTIO":null,"T_IE_URL":"http://www.townlands.ie/longford","AREA":1091585843.75171,"LATITUDE":53.7126016584738,"LONGITUDE":-7.72508869757042,"EPOCH_TSTM":1259093515}},{"type":"Feature","geometry":{"type":"MultiPolygon","coordinates":[[[[-7.2565,55.0666],[-7.2668,55.0662],[-7.2727,55.0635],[-7.2772,55.0544],[-7.2891,55.0474],[-7.2995,55.0561],[-7.3215,55.0452],[-7.3329,55.05],[-7.3452,55.0508],[-7.3561,55.0457],[-7.3666,55.0386],[-7.3759,55.0291],[-7.3913,55.0223],[-7.3964,55.0165],[-7.3985,55.0092],[-7.4056,55.0033],[-7.3921,54.9946],[-7.3991,54.9911],[-7.407,54.9825],[-7.4004,54.9724],[-7.4074,54.9636],[-7.4021,54.9596],[-7.4072,54.9552],[-7.3969,54.946],[-7.392,54.9454],[-7.4052,54.9422],[-7.4252,54.9432],[-7.4454,54.9367],[-7.4484,54.931],[-7.445,54.9127],[-7.4514,54.9028],[-7.4515,54.8934],[-7.4451,54.8852],[-7.4419,54.8756],[-7.4442,54.8694],[-7.4553,54.8601],[-7.4558,54.8546],[-7.47,54.8397],[-7.4727,54.8338],[-7.4811,54.8313],[-7.484,54.8238],[-7.5008,54.8175],[-7.5178,54.8081],[-7.5281,54.8078],[-7.5279,54.8026],[-7.5419,54.7984],[-7.5492,54.7894],[-7.5445,54.7867],[-7.5432,54.7796],[-7.5476,54.7745],[-7.5462,54.7619],[-7.5475,54.7553],[-7.5359,54.7482],[-7.5491,54.7405],[-7.5572,54.7451],[-7.5784,54.7419],[-7.577,54.7503],[-7.5867,54.7499],[-7.5889,54.7447],[-7.6008,54.746],[-7.6174,54.7435],[-7.6366,54.7515],[-7.6594,54.7418],[-7.6762,54.7331],[-7.6975,54.7263],[-7.7116,54.7261],[-7.7271,54.7187],[-7.7352,54.7169],[-7.7462,54.7044],[-7.7783,54.7105],[-7.7804,54.7171],[-7.7936,54.7199],[-7.8049,54.7187],[-7.8171,54.7293],[-7.8176,54.7338],[-7.8363,54.7363],[-7.8551,54.7268],[-7.8797,54.7026],[-7.8901,54.7035],[-7.9111,54.7011],[-7.918,54.7028],[-7.9209,54.696],[-7.9108,54.6932],[-7.9074,54.6893],[-7.8976,54.6868],[-7.9133,54.6765],[-7.9099,54.6683],[-7.8934,54.6566],[-7.8772,54.6557],[-7.8567,54.6506],[-7.8542,54.6436],[-7.857,54.6385],[-7.8508,54.6361],[-7.8511,54.6307],[-7.8393,54.6342],[-7.8286,54.633],[-7.8166,54.6418],[-7.8085,54.6397],[-7.8013,54.6334],[-7.7837,54.6332],[-7.7713,54.6214],[-7.7575,54.6249],[-7.754,54.6191],[-7.7428,54.62],[-7.7249,54.6276],[-7.7046,54.632],[-7.7034,54.6274],[-7.7064,54.6196],[-7.6945,54.6184],[-7.6979,54.6099],[-7.7033,54.6087],[-7.717,54.6062],[-7.7366,54.6005],[-7.7508,54.5988],[-7.7619,54.5919],[-7.7669,54.5861],[-7.7871,54.5802],[-7.7932,54.5819],[-7.7995,54.5764],[-7.7966,54.5716],[-7.8009,54.5685],[-7.8177,54.5634],[-7.8333,54.5522],[-7.824,54.5464],[-7.83,54.5408],[-7.8441,54.5374],[-7.8506,54.5331],[-7.8586,54.5366],[-7.867,54.5351],[-7.8854,54.5369],[-7.8952,54.535],[-7.9065,54.5373],[-7.9377,54.5328],[-7.9429,54.5356],[-7.9535,54.5343],[-7.9586,54.5398],[-7.9691,54.5443],[-7.978,54.5448],[-7.9913,54.543],[-8.006,54.5459],[-8.014,54.5353],[-8.0262,54.522],[-8.0292,54.5209],[-8.0419,54.506],[-8.0385,54.5033],[-8.0429,54.4891],[-8.0653,54.4866],[-8.0858,54.4874],[-8.0972,54.4844],[-8.0979,54.4773],[-8.1132,54.4764],[-8.1147,54.469],[-8.1484,54.4699],[-8.1647,54.4691],[-8.1775,54.4648],[-8.2171,54.4728],[-8.2314,54.467],[-8.2368,54.461],[-8.2546,54.4621],[-8.2598,54.4592],[-8.2708,54.4598],[-8.2827,54.4647],[-8.2875,54.4627],[-8.2996,54.4638],[-8.306,54.4711],[-8.3136,54.4743],[-8.3217,54.4734],[-8.3116,54.4788],[-8.3009,54.4792],[-8.2885,54.4771],[-8.2791,54.4832],[-8.2832,54.4877],[-8.2711,54.4908],[-8.2659,54.4952],[-8.262,54.5041],[-8.2541,54.4994],[-8.2388,54.5001],[-8.2203,54.5031],[-8.2122,54.5063],[-8.2397,54.5082],[-8.2545,54.5124],[-8.2664,54.5217],[-8.264,54.5287],[-8.2522,54.5308],[-8.2472,54.5356],[-8.2407,54.5368],[-8.2235,54.546],[-8.2129,54.5485],[-8.2151,54.5604],[-8.2205,54.5653],[-8.2225,54.5721],[-8.2194,54.5747],[-8.208,54.5727],[-8.2006,54.5761],[-8.1946,54.5828],[-8.1755,54.5886],[-8.1737,54.5925],[-8.166,54.5949],[-8.1634,54.601],[-8.164,54.6083],[-8.1683,54.6185],[-8.1651,54.6253],[-8.1566,54.6264],[-8.1533,54.6132],[-8.1454,54.6111],[-8.1509,54.6032],[-8.1351,54.6038],[-8.125,54.6155],[-8.1133,54.6146],[-8.1178,54.6238],[-8.1294,54.62],[-8.1315,54.6229],[-8.1214,54.6391],[-8.1239,54.6437],[-8.1156,54.6508],[-8.1303,54.6519],[-8.1366,54.6477],[-8.1334,54.6441],[-8.1529,54.6348],[-8.1673,54.6416],[-8.187,54.6404],[-8.1922,54.6363],[-8.2147,54.6297],[-8.2314,54.6229],[-8.2343,54.6182],[-8.2488,54.6172],[-8.2532,54.6139],[-8.2807,54.605],[-8.2964,54.6031],[-8.3007,54.6091],[-8.2887,54.6189],[-8.2822,54.6302],[-8.2717,54.6358],[-8.2823,54.6455],[-8.2884,54.6467],[-8.2979,54.643],[-8.3018,54.6389],[-8.342,54.6307],[-8.3492,54.6229],[-8.3535,54.6145],[-8.3787,54.6042],[-8.3932,54.593],[-8.429,54.5866],[-8.4289,54.5824],[-8.4388,54.5813],[-8.4366,54.5751],[-8.4518,54.5682],[-8.4577,54.5705],[-8.4507,54.5796],[-8.4452,54.5814],[-8.4479,54.5894],[-8.4171,54.5934],[-8.3993,54.5981],[-8.3966,54.6021],[-8.3769,54.6138],[-8.3787,54.6233],[-8.3876,54.6284],[-8.3854,54.6362],[-8.3978,54.6348],[-8.4146,54.6264],[-8.4198,54.6184],[-8.4379,54.6212],[-8.4304,54.6252],[-8.4306,54.6341],[-8.4213,54.6439],[-8.4278,54.6488],[-8.4351,54.6387],[-8.4457,54.6333],[-8.4376,54.6296],[-8.4439,54.621],[-8.4501,54.6189],[-8.463,54.606],[-8.4731,54.6037],[-8.4838,54.6042],[-8.4851,54.6089],[-8.4794,54.6146],[-8.4865,54.6171],[-8.4851,54.6222],[-8.4759,54.6258],[-8.4827,54.6338],[-8.4892,54.635],[-8.5209,54.625],[-8.5319,54.6201],[-8.5466,54.6184],[-8.5571,54.6196],[-8.5636,54.6146],[-8.5893,54.6066],[-8.5835,54.6162],[-8.6144,54.6185],[-8.6149,54.6226],[-8.6244,54.6234],[-8.6281,54.6305],[-8.6353,54.6309],[-8.6322,54.637],[-8.6399,54.6401],[-8.6365,54.6226],[-8.6486,54.6201],[-8.6585,54.6226],[-8.6627,54.6197],[-8.6808,54.623],[-8.6862,54.6282],[-8.6778,54.6322],[-8.6868,54.6353],[-8.6906,54.642],[-8.7113,54.6453],[-8.7227,54.6457],[-8.7257,54.6495],[-8.7398,54.6522],[-8.7544,54.6532],[-8.7743,54.6582],[-8.7738,54.6647],[-8.7862,54.6631],[-8.7946,54.6685],[-8.7843,54.6744],[-8.788,54.6838],[-8.7849,54.6879],[-8.796,54.689],[-8.8057,54.6984],[-8.8022,54.7033],[-8.7947,54.7064],[-8.7887,54.7028],[-8.7789,54.7023],[-8.773,54.7057],[-8.7646,54.7061],[-8.7612,54.7096],[-8.7467,54.7081],[-8.7491,54.7124],[-8.7472,54.7191],[-8.7512,54.7276],[-8.7411,54.7326],[-8.729,54.742],[-8.7039,54.745],[-8.7026,54.753],[-8.6896,54.7578],[-8.6892,54.7619],[-8.6765,54.7604],[-8.666,54.7668],[-8.6495,54.7708],[-8.6376,54.7716],[-8.6185,54.7763],[-8.6062,54.7765],[-8.5986,54.7786],[-8.5704,54.7759],[-8.5488,54.7706],[-8.5365,54.765],[-8.5245,54.7643],[-8.5182,54.7682],[-8.5059,54.761],[-8.478,54.7586],[-8.4711,54.7559],[-8.4679,54.7658],[-8.483,54.7702],[-8.4956,54.7715],[-8.5055,54.7749],[-8.5111,54.7723],[-8.5276,54.7745],[-8.5358,54.7801],[-8.5471,54.7823],[-8.552,54.7859],[-8.5469,54.7896],[-8.5295,54.79],[-8.5167,54.7845],[-8.5122,54.7877],[-8.5015,54.7896],[-8.4941,54.7875],[-8.4879,54.7909],[-8.475,54.7913],[-8.4697,54.7832],[-8.4606,54.7813],[-8.4593,54.7761],[-8.4452,54.7708],[-8.4314,54.7629],[-8.4205,54.7659],[-8.4247,54.7694],[-8.4131,54.7752],[-8.4258,54.7774],[-8.428,54.7739],[-8.4405,54.7766],[-8.439,54.7827],[-8.4481,54.7859],[-8.4511,54.7962],[-8.4651,54.7976],[-8.4759,54.8029],[-8.4944,54.7985],[-8.4986,54.8074],[-8.5114,54.8128],[-8.5289,54.8128],[-8.5239,54.8209],[-8.5353,54.8239],[-8.5413,54.8222],[-8.5504,54.8251],[-8.5592,54.8245],[-8.554,54.8333],[-8.5312,54.8341],[-8.5106,54.8285],[-8.5032,54.8316],[-8.5107,54.8369],[-8.502,54.8414],[-8.5022,54.8445],[-8.4901,54.8482],[-8.476,54.8472],[-8.4715,54.8436],[-8.4594,54.8402],[-8.4471,54.8391],[-8.4336,54.8433],[-8.4272,54.8475],[-8.4125,54.8461],[-8.4062,54.8473],[-8.3899,54.8431],[-8.3785,54.8381],[-8.3611,54.8357],[-8.3514,54.8366],[-8.3352,54.8339],[-8.3344,54.839],[-8.317,54.8421],[-8.2912,54.8537],[-8.271,54.8601],[-8.2724,54.8645],[-8.3165,54.8448],[-8.3276,54.8425],[-8.3467,54.8445],[-8.3531,54.8474],[-8.3512,54.8521],[-8.3613,54.8548],[-8.3751,54.8544],[-8.3842,54.8566],[-8.3846,54.8691],[-8.3814,54.8795],[-8.3663,54.8775],[-8.3555,54.8836],[-8.3436,54.8817],[-8.3321,54.8764],[-8.3233,54.8746],[-8.3217,54.8821],[-8.311,54.8844],[-8.3099,54.8885],[-8.3276,54.8871],[-8.337,54.8891],[-8.342,54.8987],[-8.3421,54.9066],[-8.3642,54.899],[-8.3693,54.9043],[-8.3775,54.8997],[-8.373,54.8898],[-8.376,54.8845],[-8.3836,54.8827],[-8.3891,54.8884],[-8.3984,54.8926],[-8.4106,54.8949],[-8.4166,54.8994],[-8.4435,54.9045],[-8.4561,54.9114],[-8.4593,54.923],[-8.4471,54.9251],[-8.444,54.9317],[-8.4572,54.9361],[-8.4593,54.9423],[-8.454,54.9454],[-8.4312,54.9427],[-8.4387,54.9366],[-8.4326,54.9353],[-8.4102,54.9366],[-8.3986,54.9411],[-8.3733,54.9423],[-8.3661,54.9508],[-8.3771,54.952],[-8.4081,54.9595],[-8.4139,54.959],[-8.4183,54.9661],[-8.4313,54.977],[-8.4439,54.9808],[-8.4394,54.9904],[-8.454,54.9987],[-8.4455,55.0071],[-8.412,55.0059],[-8.4033,55.0064],[-8.4076,55.0187],[-8.3934,55.0239],[-8.404,55.0293],[-8.4075,55.0342],[-8.4003,55.0412],[-8.3919,55.0432],[-8.3832,55.034],[-8.3703,55.0366],[-8.3729,55.0416],[-8.3649,55.0426],[-8.3583,55.0393],[-8.3482,55.0402],[-8.342,55.0476],[-8.3438,55.0565],[-8.3528,55.0596],[-8.3497,55.0642],[-8.3414,55.0627],[-8.3308,55.0671],[-8.3209,55.0609],[-8.3273,55.0495],[-8.3367,55.046],[-8.3363,55.0362],[-8.3315,55.0333],[-8.3311,55.0266],[-8.3211,55.0298],[-8.3257,55.0345],[-8.3227,55.0449],[-8.316,55.0537],[-8.3143,55.0622],[-8.3072,55.0663],[-8.3183,55.0703],[-8.3171,55.0767],[-8.3266,55.0888],[-8.3152,55.093],[-8.3138,55.1074],[-8.3172,55.1125],[-8.2962,55.1252],[-8.2939,55.1309],[-8.2964,55.142],[-8.2884,55.1457],[-8.2907,55.1526],[-8.2851,55.1585],[-8.2742,55.1546],[-8.2175,55.1487],[-8.2091,55.1496],[-8.2007,55.1474],[-8.1773,55.1476],[-8.162,55.1455],[-8.1523,55.1517],[-8.1487,55.1615],[-8.137,55.163],[-8.1353,55.1576],[-8.1483,55.153],[-8.1501,55.1465],[-8.1664,55.1438],[-8.1575,55.1394],[-8.1573,55.134],[-8.1628,55.128],[-8.1534,55.1243],[-8.1466,55.1317],[-8.1371,55.1274],[-8.1323,55.1297],[-8.1375,55.138],[-8.136,55.1422],[-8.1225,55.138],[-8.1221,55.1498],[-8.1164,55.1516],[-8.1219,55.158],[-8.115,55.1596],[-8.0815,55.1607],[-8.0687,55.1623],[-8.0557,55.172],[-8.0423,55.1747],[-8.0374,55.1708],[-8.0265,55.1736],[-8.0188,55.1784],[-8.0154,55.1856],[-8.0261,55.1873],[-8.0252,55.1906],[-8.0132,55.1963],[-8.0244,55.1982],[-8.0194,55.2049],[-8.0166,55.2143],[-8.0003,55.2154],[-7.9923,55.2232],[-7.9745,55.2243],[-7.9755,55.2201],[-7.9683,55.2134],[-7.95,55.2147],[-7.9425,55.2125],[-7.9396,55.2042],[-7.9448,55.1965],[-7.9557,55.1941],[-7.9594,55.1908],[-7.976,55.1907],[-7.9808,55.1846],[-7.9665,55.1841],[-7.9569,55.1879],[-7.9459,55.1808],[-7.9284,55.1823],[-7.9177,55.1853],[-7.9061,55.1913],[-7.8957,55.1871],[-7.8958,55.1825],[-7.9023,55.1776],[-7.8989,55.1738],[-7.882,55.1698],[-7.9002,55.1615],[-7.8867,55.1605],[-7.883,55.1655],[-7.861,55.1668],[-7.8531,55.1647],[-7.864,55.1566],[-7.8635,55.1507],[-7.8763,55.1479],[-7.8794,55.1503],[-7.8912,55.147],[-7.9012,55.1393],[-7.9037,55.1337],[-7.8689,55.14],[-7.864,55.1354],[-7.8664,55.1282],[-7.8559,55.1286],[-7.8595,55.1371],[-7.8544,55.1431],[-7.8373,55.1508],[-7.8505,55.1556],[-7.8369,55.1594],[-7.831,55.1627],[-7.8266,55.1693],[-7.8246,55.1807],[-7.8318,55.1837],[-7.8325,55.1926],[-7.8647,55.1949],[-7.8739,55.2028],[-7.8714,55.2136],[-7.8657,55.2164],[-7.8667,55.2273],[-7.8563,55.2258],[-7.8479,55.227],[-7.8404,55.232],[-7.83,55.227],[-7.8161,55.2257],[-7.8135,55.2311],[-7.8197,55.2324],[-7.8199,55.2384],[-7.8081,55.2366],[-7.8064,55.2446],[-7.7998,55.2503],[-7.7832,55.2526],[-7.7886,55.2455],[-7.7869,55.2355],[-7.7934,55.2297],[-7.791,55.2257],[-7.8046,55.2184],[-7.8078,55.2147],[-7.8098,55.202],[-7.8167,55.1993],[-7.809,55.1946],[-7.8038,55.1857],[-7.8067,55.1784],[-7.797,55.1771],[-7.7961,55.1834],[-7.7851,55.1845],[-7.7706,55.183],[-7.7648,55.1885],[-7.7509,55.1816],[-7.7513,55.1762],[-7.743,55.1745],[-7.7366,55.1776],[-7.7327,55.1712],[-7.7228,55.1734],[-7.7187,55.169],[-7.7092,55.1651],[-7.7066,55.1571],[-7.6966,55.1519],[-7.6947,55.1434],[-7.6959,55.1325],[-7.7034,55.1211],[-7.7074,55.1059],[-7.693,55.104],[-7.6865,55.1067],[-7.6918,55.1109],[-7.6884,55.1181],[-7.6783,55.1298],[-7.6816,55.1334],[-7.6743,55.1366],[-7.6691,55.1427],[-7.6685,55.1539],[-7.6646,55.1586],[-7.68,55.1649],[-7.6806,55.1795],[-7.6894,55.1783],[-7.7016,55.1801],[-7.7015,55.1835],[-7.6934,55.1866],[-7.7124,55.1914],[-7.7125,55.2021],[-7.6984,55.201],[-7.6989,55.2104],[-7.7054,55.2137],[-7.7036,55.2213],[-7.7089,55.228],[-7.7187,55.2251],[-7.7235,55.2203],[-7.7192,55.2068],[-7.7122,55.2056],[-7.716,55.1998],[-7.7219,55.1995],[-7.716,55.188],[-7.7085,55.1857],[-7.7044,55.1809],[-7.7121,55.1754],[-7.7174,55.1754],[-7.7359,55.1821],[-7.7458,55.1872],[-7.7374,55.1899],[-7.7351,55.1956],[-7.7473,55.1988],[-7.7624,55.1903],[-7.7719,55.1921],[-7.7795,55.2039],[-7.7949,55.2062],[-7.799,55.2134],[-7.7952,55.2199],[-7.7681,55.2281],[-7.765,55.2321],[-7.7525,55.238],[-7.7566,55.2428],[-7.7505,55.2497],[-7.738,55.2494],[-7.7139,55.2462],[-7.7041,55.2475],[-7.6934,55.2514],[-7.6922,55.2598],[-7.6731,55.2655],[-7.6603,55.2781],[-7.6449,55.2804],[-7.6309,55.2763],[-7.6367,55.2722],[-7.6262,55.2698],[-7.6252,55.2619],[-7.6167,55.2544],[-7.6195,55.2496],[-7.6132,55.2448],[-7.6157,55.2384],[-7.6033,55.2306],[-7.6072,55.2246],[-7.6073,55.217],[-7.6153,55.2093],[-7.6253,55.2044],[-7.6153,55.1901],[-7.5992,55.1855],[-7.5926,55.1885],[-7.5711,55.1799],[-7.5704,55.1748],[-7.5774,55.1707],[-7.5598,55.1575],[-7.551,55.1553],[-7.5409,55.1444],[-7.5316,55.1432],[-7.5227,55.1362],[-7.518,55.1227],[-7.5245,55.1158],[-7.5315,55.1148],[-7.5242,55.1034],[-7.5325,55.0943],[-7.548,55.0928],[-7.5588,55.0869],[-7.5736,55.0857],[-7.584,55.0822],[-7.598,55.0696],[-7.5951,55.0629],[-7.6117,55.0565],[-7.6274,55.0561],[-7.6325,55.0481],[-7.6303,55.0427],[-7.6154,55.0473],[-7.6062,55.0452],[-7.5935,55.0475],[-7.5781,55.0547],[-7.5684,55.0536],[-7.5597,55.0448],[-7.5626,55.0323],[-7.5825,55.0232],[-7.5835,55.0188],[-7.5993,55.0104],[-7.6196,55.0046],[-7.6339,54.997],[-7.6444,54.9854],[-7.6514,54.9822],[-7.6598,54.9694],[-7.6426,54.9636],[-7.6358,54.9723],[-7.6244,54.9661],[-7.6105,54.9763],[-7.6057,54.9848],[-7.5967,54.9936],[-7.5827,54.9978],[-7.5672,55.0081],[-7.5572,55.0108],[-7.5389,55.0239],[-7.5275,55.0197],[-7.5156,55.025],[-7.5184,55.031],[-7.5119,55.0405],[-7.4941,55.0406],[-7.487,55.0444],[-7.4763,55.0429],[-7.4699,55.0499],[-7.4924,55.0486],[-7.5043,55.0505],[-7.508,55.0563],[-7.523,55.0578],[-7.5292,55.0626],[-7.5331,55.0722],[-7.5199,55.082],[-7.5015,55.085],[-7.4902,55.0847],[-7.4871,55.0799],[-7.4802,55.0786],[-7.4794,55.0739],[-7.471,55.0735],[-7.4624,55.0616],[-7.455,55.063],[-7.455,55.0751],[-7.4583,55.0793],[-7.4843,55.0917],[-7.4777,55.1],[-7.4728,55.111],[-7.4625,55.1153],[-7.4577,55.1224],[-7.4635,55.1271],[-7.4614,55.137],[-7.4746,55.1405],[-7.4759,55.1454],[-7.485,55.1528],[-7.4892,55.16],[-7.5059,55.1695],[-7.5182,55.184],[-7.5419,55.1943],[-7.5545,55.197],[-7.5424,55.2049],[-7.5452,55.2175],[-7.5409,55.2187],[-7.5353,55.2292],[-7.5276,55.2309],[-7.5177,55.2388],[-7.5215,55.2437],[-7.5283,55.2429],[-7.5341,55.2469],[-7.5164,55.2554],[-7.5098,55.2642],[-7.5088,55.2717],[-7.5206,55.2746],[-7.5258,55.2803],[-7.5221,55.2863],[-7.5073,55.2895],[-7.4986,55.2897],[-7.4893,55.2836],[-7.4778,55.2809],[-7.466,55.2828],[-7.4708,55.2919],[-7.4682,55.2965],[-7.4499,55.2883],[-7.4504,55.2836],[-7.4406,55.2806],[-7.4304,55.2822],[-7.4349,55.2872],[-7.4081,55.2916],[-7.4042,55.2934],[-7.3907,55.2907],[-7.3796,55.2963],[-7.3738,55.3112],[-7.3782,55.3155],[-7.3631,55.3187],[-7.3576,55.3165],[-7.3403,55.315],[-7.3256,55.3072],[-7.3142,55.3068],[-7.3145,55.2988],[-7.3083,55.2982],[-7.3043,55.2913],[-7.3213,55.2885],[-7.3409,55.2911],[-7.3477,55.2892],[-7.3485,55.2845],[-7.3328,55.2834],[-7.3269,55.2854],[-7.3123,55.2847],[-7.3038,55.2796],[-7.2899,55.2751],[-7.2832,55.2762],[-7.274,55.2815],[-7.258,55.2784],[-7.2585,55.2865],[-7.2661,55.2888],[-7.2666,55.2928],[-7.277,55.293],[-7.2864,55.2957],[-7.2959,55.3021],[-7.3226,55.3128],[-7.3323,55.3154],[-7.3323,55.3242],[-7.3456,55.3283],[-7.3528,55.3352],[-7.3502,55.3421],[-7.3518,55.348],[-7.3475,55.3574],[-7.3582,55.361],[-7.3704,55.3599],[-7.385,55.3653],[-7.3919,55.3734],[-7.3909,55.3782],[-7.3807,55.3825],[-7.3668,55.3821],[-7.3437,55.3754],[-7.3401,55.3764],[-7.3274,55.3692],[-7.2991,55.3667],[-7.2766,55.3667],[-7.2701,55.3597],[-7.2567,55.3583],[-7.2416,55.3588],[-7.2398,55.3546],[-7.2225,55.3502],[-7.1952,55.3472],[-7.1707,55.3359],[-7.1722,55.3298],[-7.1692,55.3254],[-7.1768,55.3212],[-7.162,55.311],[-7.1532,55.2959],[-7.1349,55.2918],[-7.1238,55.2948],[-7.12,55.2894],[-7.093,55.2853],[-7.0927,55.2812],[-7.0843,55.2793],[-7.0765,55.274],[-7.0634,55.2715],[-7.0483,55.2754],[-7.0278,55.2667],[-7.0118,55.2657],[-7.0118,55.2576],[-6.9958,55.2544],[-6.9724,55.2567],[-6.9631,55.2532],[-6.9566,55.2546],[-6.9386,55.2468],[-6.9277,55.2371],[-6.9274,55.2266],[-6.9304,55.2229],[-6.9526,55.2138],[-6.9646,55.207],[-7.0013,55.1978],[-7.0227,55.1895],[-7.0495,55.1865],[-7.0707,55.1759],[-7.0837,55.1712],[-7.1004,55.1672],[-7.12,55.1583],[-7.1482,55.1531],[-7.1593,55.1489],[-7.1676,55.1426],[-7.183,55.134],[-7.188,55.1264],[-7.2021,55.1204],[-7.2076,55.1149],[-7.213,55.104],[-7.2461,55.0806],[-7.2565,55.0666]]],[[[-8.2535,55.2732],[-8.236,55.2744],[-8.2375,55.2704],[-8.2243,55.2706],[-8.2126,55.2651],[-8.2065,55.2601],[-8.2006,55.261],[-8.1917,55.2579],[-8.1953,55.2537],[-8.2134,55.2536],[-8.2222,55.2629],[-8.2477,55.2644],[-8.2535,55.2732]]],[[[-8.5694,54.9787],[-8.5628,54.9877],[-8.5628,54.9943],[-8.5543,54.9984],[-8.5487,55.006],[-8.5581,55.0114],[-8.541,55.0155],[-8.5437,55.0211],[-8.5356,55.0215],[-8.5289,55.017],[-8.5295,55.0122],[-8.5212,55.0118],[-8.5144,55.0073],[-8.5039,55.0068],[-8.495,55.0024],[-8.4998,54.996],[-8.4976,54.9878],[-8.4869,54.9831],[-8.4868,54.9736],[-8.5033,54.9718],[-8.5173,54.9736],[-8.5272,54.973],[-8.5551,54.974],[-8.5694,54.9787]]],[[[-8.4381,55.0276],[-8.4254,55.0319],[-8.4259,55.0383],[-8.4325,55.0524],[-8.4215,55.0489],[-8.4163,55.0387],[-8.4162,55.0321],[-8.4095,55.0287],[-8.4066,55.0224],[-8.4178,55.0147],[-8.4254,55.0208],[-8.4233,55.026],[-8.4381,55.0276]]],[[[-8.3449,55.1046],[-8.3374,55.1079],[-8.3308,55.1041],[-8.336,55.0998],[-8.3449,55.1046]]],[[[-8.4623,55.0572],[-8.4498,55.062],[-8.4386,55.0524],[-8.4552,55.0482],[-8.4623,55.0572]]],[[[-8.3808,55.0872],[-8.3776,55.0943],[-8.3599,55.0957],[-8.3544,55.0823],[-8.3787,55.0847],[-8.3808,55.0872]]],[[[-8.4669,54.9743],[-8.4611,54.983],[-8.4486,54.9761],[-8.4457,54.971],[-8.4548,54.9692],[-8.4669,54.9743]]],[[[-8.1899,55.177],[-8.1825,55.1803],[-8.1621,55.1755],[-8.1649,55.1707],[-8.177,55.17],[-8.176,55.1761],[-8.1899,55.177]]],[[[-8.4586,54.9546],[-8.4532,54.9584],[-8.4384,54.9624],[-8.435,54.9516],[-8.4453,54.9485],[-8.4586,54.9546]]],[[[-8.4656,54.9888],[-8.4542,54.9886],[-8.46,54.9834],[-8.4656,54.9888]]]]},"properties":{"stroke":"#000000","stroke-opacity":0.5,"stroke-width":1,"fill":"#008000","fill-opacity":0.5,"OSM_ID":-283732,"NAME_TAG":"Donegal","NAME_GA":"Contae Dh\u00fan na nGall","NAME_EN":"County Donegal","ALT_NAME":null,"ALT_NAME_G":null,"LOGAINM_RE":"100013","OSM_USER":"mackerski","OSM_TIMEST":"2009-10-07 23:23:28+02","ATTRIBUTIO":null,"T_IE_URL":"http://www.townlands.ie/donegal","AREA":4859055515.59059,"LATITUDE":54.9227953672819,"LONGITUDE":-7.90495410359826,"EPOCH_TSTM":1254950608}},{"type":"Feature","geometry":{"type":"Polygon","coordinates":[[[-8.5851,53.9538],[-8.568,53.9523],[-8.551,53.9531],[-8.5368,53.9576],[-8.5303,53.9531],[-8.5197,53.9406],[-8.5231,53.9331],[-8.5179,53.9259],[-8.5019,53.9261],[-8.4881,53.9215],[-8.4771,53.921],[-8.469,53.913],[-8.4512,53.9135],[-8.4478,53.9151],[-8.451,53.9228],[-8.4453,53.9267],[-8.4059,53.9268],[-8.393,53.9253],[-8.3845,53.9273],[-8.3737,53.9251],[-8.3658,53.9272],[-8.3363,53.9264],[-8.3337,53.9306],[-8.3424,53.9401],[-8.3479,53.9415],[-8.3468,53.951],[-8.3602,53.9513],[-8.3608,53.948],[-8.3769,53.9515],[-8.4062,53.9566],[-8.4043,53.9601],[-8.4229,53.9621],[-8.4102,53.9671],[-8.3928,53.9648],[-8.387,53.9732],[-8.3846,53.9857],[-8.3909,53.9924],[-8.4008,53.9967],[-8.3945,54.0003],[-8.3825,53.9986],[-8.3755,53.9996],[-8.3749,54.0044],[-8.3663,54.0046],[-8.3454,53.9993],[-8.3151,54.0046],[-8.317,54.0095],[-8.3097,54.0115],[-8.3059,54.0166],[-8.312,54.0184],[-8.3029,54.0376],[-8.2949,54.0447],[-8.2856,54.0379],[-8.272,54.0493],[-8.2633,54.0533],[-8.2551,54.0504],[-8.2463,54.0412],[-8.2384,54.0398],[-8.2346,54.0434],[-8.2391,54.0492],[-8.2395,54.0578],[-8.2185,54.0615],[-8.215,54.0682],[-8.2198,54.077],[-8.2198,54.0833],[-8.1945,54.0875],[-8.1849,54.0861],[-8.1774,54.0879],[-8.1651,54.1017],[-8.1547,54.102],[-8.1635,54.109],[-8.1564,54.1142],[-8.1487,54.124],[-8.1407,54.1238],[-8.1352,54.1199],[-8.1239,54.1183],[-8.1112,54.1144],[-8.1055,54.1089],[-8.0708,54.1046],[-8.0532,54.1046],[-8.0569,54.0784],[-8.0478,54.0717],[-8.0548,54.0671],[-8.0605,54.0583],[-8.0712,54.051],[-8.0784,54.0512],[-8.0916,54.0339],[-8.0845,54.01],[-8.0774,54.0042],[-8.0783,53.9906],[-8.0691,53.9886],[-8.0722,53.9808],[-8.0787,53.9759],[-8.088,53.9764],[-8.0944,53.9694],[-8.0951,53.9648],[-8.1026,53.963],[-8.1127,53.9564],[-8.0999,53.947],[-8.1013,53.9438],[-8.0819,53.9387],[-8.0857,53.9339],[-8.0931,53.9316],[-8.0853,53.923],[-8.0731,53.9237],[-8.0741,53.9189],[-8.0674,53.9166],[-8.0607,53.9096],[-8.0506,53.9123],[-8.031,53.9216],[-8.0261,53.927],[-8.0329,53.9302],[-8.025,53.9359],[-8.011,53.9336],[-8.013,53.9273],[-8.007,53.9208],[-7.9938,53.9213],[-7.9895,53.9159],[-7.994,53.9044],[-7.989,53.8965],[-7.9776,53.8882],[-7.982,53.8845],[-7.9778,53.8779],[-7.9815,53.87],[-7.9768,53.8658],[-7.9665,53.8666],[-7.9555,53.8626],[-7.9404,53.8477],[-7.9287,53.8504],[-7.9187,53.8376],[-7.919,53.8215],[-7.911,53.8104],[-7.9096,53.7943],[-7.8931,53.7861],[-7.8814,53.7856],[-7.8759,53.7773],[-7.8834,53.7714],[-7.8821,53.7672],[-7.8864,53.7591],[-7.899,53.7561],[-7.9087,53.7491],[-7.9177,53.7468],[-7.9169,53.7359],[-7.9308,53.7333],[-7.9384,53.7377],[-7.9476,53.7362],[-7.944,53.7284],[-7.9508,53.7118],[-7.9643,53.7114],[-7.9769,53.7018],[-7.988,53.6986],[-7.9829,53.6908],[-7.9842,53.6807],[-8.0018,53.6664],[-8.0036,53.6622],[-8.0151,53.6621],[-8.0265,53.6534],[-8.0347,53.6436],[-8.0362,53.6308],[-8.0362,53.6075],[-8.0156,53.5811],[-7.9809,53.5521],[-7.9698,53.5218],[-7.955,53.4811],[-7.9666,53.4497],[-7.96,53.4427],[-7.9561,53.4312],[-7.9727,53.4222],[-7.9428,53.4123],[-7.9404,53.4037],[-7.9299,53.3996],[-7.9232,53.3934],[-7.9232,53.3884],[-7.9135,53.3787],[-7.9102,53.3711],[-7.9233,53.3632],[-7.9326,53.3612],[-7.9435,53.3504],[-7.9432,53.3413],[-7.9564,53.3391],[-7.9678,53.3354],[-7.9827,53.3376],[-7.9885,53.3339],[-7.986,53.3292],[-8.0044,53.3221],[-8.0125,53.3245],[-8.0269,53.3211],[-8.0277,53.3139],[-8.0243,53.3038],[-8.0312,53.2957],[-8.0453,53.2896],[-8.0521,53.2769],[-8.0557,53.274],[-8.0745,53.2725],[-8.09,53.2741],[-8.099,53.2779],[-8.1331,53.2819],[-8.14,53.2789],[-8.1484,53.2799],[-8.1548,53.2875],[-8.1769,53.2882],[-8.1845,53.3007],[-8.19,53.3067],[-8.1922,53.319],[-8.1867,53.3223],[-8.2,53.3477],[-8.2134,53.3442],[-8.2156,53.3465],[-8.2325,53.3496],[-8.2276,53.3563],[-8.2387,53.3607],[-8.2438,53.3669],[-8.2463,53.3747],[-8.2303,53.3861],[-8.2252,53.397],[-8.2379,53.4059],[-8.2424,53.4131],[-8.2545,53.4125],[-8.2631,53.4333],[-8.2591,53.4357],[-8.2409,53.4387],[-8.2385,53.4456],[-8.2628,53.4559],[-8.2636,53.4591],[-8.2666,53.4635],[-8.2774,53.467],[-8.2872,53.4734],[-8.2751,53.4811],[-8.2809,53.4904],[-8.2748,53.4946],[-8.2824,53.5031],[-8.293,53.51],[-8.2912,53.518],[-8.277,53.5201],[-8.2782,53.5253],[-8.2945,53.5311],[-8.2861,53.5387],[-8.2967,53.5423],[-8.2956,53.5544],[-8.3037,53.5589],[-8.3044,53.5639],[-8.2883,53.5685],[-8.3011,53.5725],[-8.3133,53.5791],[-8.3333,53.5768],[-8.3425,53.5791],[-8.3375,53.5881],[-8.3522,53.5935],[-8.3538,53.5988],[-8.3675,53.601],[-8.3786,53.5989],[-8.3835,53.6076],[-8.3804,53.6116],[-8.381,53.6181],[-8.3865,53.6192],[-8.3996,53.6296],[-8.3934,53.6402],[-8.3831,53.6398],[-8.3775,53.6428],[-8.3654,53.6401],[-8.3616,53.6482],[-8.3714,53.6549],[-8.3819,53.657],[-8.4026,53.6662],[-8.416,53.6668],[-8.4294,53.6715],[-8.4372,53.6769],[-8.4349,53.6826],[-8.4473,53.6872],[-8.4443,53.6917],[-8.4489,53.6979],[-8.4464,53.7052],[-8.4678,53.7153],[-8.4883,53.7158],[-8.5198,53.7123],[-8.5339,53.7163],[-8.5508,53.7187],[-8.5595,53.7159],[-8.5735,53.7189],[-8.5814,53.7139],[-8.5811,53.7087],[-8.6041,53.7107],[-8.6084,53.7062],[-8.6348,53.7042],[-8.6336,53.7008],[-8.6452,53.694],[-8.641,53.6858],[-8.6512,53.6827],[-8.6555,53.6768],[-8.6732,53.6752],[-8.6938,53.6715],[-8.7131,53.6659],[-8.7234,53.6651],[-8.7292,53.6713],[-8.7385,53.6635],[-8.7485,53.6621],[-8.7559,53.6659],[-8.7616,53.6639],[-8.7779,53.6652],[-8.7858,53.6588],[-8.8009,53.6573],[-8.8235,53.665],[-8.8068,53.6749],[-8.7979,53.6896],[-8.7921,53.6958],[-8.7733,53.6898],[-8.7573,53.6919],[-8.7601,53.6968],[-8.7551,53.701],[-8.7291,53.7065],[-8.7278,53.7093],[-8.7129,53.7121],[-8.7149,53.7237],[-8.6933,53.724],[-8.7005,53.7337],[-8.6802,53.7532],[-8.6806,53.7639],[-8.6842,53.7661],[-8.6679,53.7757],[-8.68,53.7799],[-8.6893,53.7883],[-8.6864,53.793],[-8.6931,53.7976],[-8.7055,53.7975],[-8.7083,53.8019],[-8.7171,53.8026],[-8.733,53.8062],[-8.7395,53.81],[-8.7282,53.8151],[-8.7156,53.8171],[-8.723,53.8243],[-8.7114,53.8319],[-8.7214,53.8484],[-8.7127,53.8467],[-8.7058,53.8504],[-8.6955,53.8518],[-8.6943,53.8624],[-8.6995,53.8631],[-8.7038,53.8744],[-8.6829,53.8735],[-8.6777,53.8771],[-8.6482,53.8655],[-8.6355,53.8686],[-8.6374,53.8771],[-8.6287,53.8807],[-8.6266,53.8863],[-8.6365,53.8894],[-8.6332,53.8992],[-8.6617,53.906],[-8.668,53.9119],[-8.6854,53.9188],[-8.6871,53.9249],[-8.6762,53.9503],[-8.6851,53.9545],[-8.6913,53.9631],[-8.6853,53.9647],[-8.6667,53.975],[-8.6637,53.9708],[-8.6406,53.9629],[-8.6274,53.9606],[-8.6076,53.9551],[-8.5851,53.9538]]]},"properties":{"stroke":"#000000","stroke-opacity":0.5,"stroke-width":1,"fill":"#000080","fill-opacity":0.5,"OSM_ID":-335443,"NAME_TAG":"Roscommon","NAME_GA":"Contae Ros Com\u00e1in","NAME_EN":"County Roscommon","ALT_NAME":null,"ALT_NAME_G":null,"LOGAINM_RE":"100027","OSM_USER":"Polarbear","OSM_TIMEST":"2009-11-24 21:11:53+01","ATTRIBUTIO":null,"T_IE_URL":"http://www.townlands.ie/roscommon","AREA":2548158694.2763,"LATITUDE":53.7236692568057,"LONGITUDE":-8.24645962918953,"EPOCH_TSTM":1259093513}},{"type":"Feature","geometry":{"type":"Polygon","coordinates":[[[-8.0557,53.274],[-8.0521,53.2769],[-8.0453,53.2896],[-8.0312,53.2957],[-8.0243,53.3038],[-8.0277,53.3139],[-8.0269,53.3211],[-8.0125,53.3245],[-8.0044,53.3221],[-7.986,53.3292],[-7.9885,53.3339],[-7.9827,53.3376],[-7.9678,53.3354],[-7.9564,53.3391],[-7.9432,53.3413],[-7.9435,53.3504],[-7.9326,53.3612],[-7.9233,53.3632],[-7.9086,53.3628],[-7.8971,53.3577],[-7.8932,53.3537],[-7.8827,53.349],[-7.8671,53.3468],[-7.8546,53.3471],[-7.8466,53.3412],[-7.8369,53.3536],[-7.8184,53.3545],[-7.8045,53.3504],[-7.7944,53.3531],[-7.7721,53.347],[-7.7622,53.3481],[-7.7507,53.3521],[-7.7173,53.3601],[-7.7038,53.3664],[-7.7139,53.3709],[-7.7017,53.383],[-7.6961,53.3812],[-7.689,53.3943],[-7.6799,53.3941],[-7.6782,53.401],[-7.6662,53.4017],[-7.664,53.409],[-7.6485,53.4049],[-7.6452,53.4111],[-7.6275,53.4136],[-7.6243,53.4181],[-7.6131,53.4114],[-7.6068,53.4115],[-7.605,53.4005],[-7.591,53.399],[-7.5784,53.3926],[-7.5819,53.3871],[-7.5671,53.3787],[-7.5657,53.3724],[-7.5684,53.3679],[-7.5626,53.3475],[-7.5571,53.3476],[-7.5403,53.3361],[-7.5371,53.3271],[-7.5308,53.3339],[-7.5314,53.34],[-7.5281,53.3472],[-7.5149,53.3437],[-7.5087,53.3447],[-7.4938,53.3408],[-7.4963,53.3344],[-7.4925,53.3294],[-7.4848,53.329],[-7.4723,53.3327],[-7.4632,53.3282],[-7.4561,53.318],[-7.4454,53.3205],[-7.4446,53.3285],[-7.4281,53.332],[-7.4232,53.3347],[-7.3992,53.3301],[-7.3874,53.3358],[-7.3679,53.3411],[-7.3655,53.3487],[-7.3596,53.3501],[-7.3424,53.3586],[-7.3413,53.3644],[-7.3286,53.3659],[-7.3163,53.3742],[-7.2787,53.3936],[-7.2758,53.3996],[-7.2681,53.3977],[-7.254,53.3989],[-7.2319,53.4054],[-7.2212,53.4057],[-7.2116,53.4112],[-7.2137,53.418],[-7.2084,53.4224],[-7.1924,53.4233],[-7.181,53.4198],[-7.1773,53.4164],[-7.1635,53.4133],[-7.1419,53.4032],[-7.1421,53.3956],[-7.1306,53.3961],[-7.1234,53.3915],[-7.098,53.3823],[-7.0815,53.3819],[-7.0882,53.3684],[-7.0731,53.359],[-7.0564,53.354],[-7.0456,53.3574],[-7.0238,53.3433],[-7.0241,53.3308],[-6.9903,53.3215],[-6.9793,53.3133],[-6.9778,53.3077],[-7.0132,53.2964],[-7.0072,53.2911],[-6.9912,53.2863],[-7.0038,53.2815],[-7.0152,53.282],[-7.0347,53.2764],[-7.019,53.2532],[-7.0545,53.2428],[-7.0547,53.2361],[-7.0689,53.2361],[-7.072,53.2302],[-7.0581,53.2289],[-7.0492,53.2242],[-7.0367,53.2274],[-7.0229,53.2243],[-7.013,53.2182],[-7.0145,53.2137],[-7.0266,53.2121],[-7.0374,53.2082],[-7.0351,53.2045],[-7.0361,53.1901],[-7.0668,53.1913],[-7.0994,53.1871],[-7.127,53.19],[-7.1372,53.1893],[-7.1425,53.1914],[-7.1572,53.1912],[-7.1664,53.1873],[-7.1655,53.1821],[-7.1367,53.1793],[-7.1248,53.1806],[-7.1061,53.1681],[-7.1096,53.1619],[-7.1156,53.1584],[-7.1415,53.1585],[-7.1513,53.1564],[-7.1601,53.1584],[-7.1718,53.1575],[-7.1767,53.161],[-7.1751,53.1664],[-7.1803,53.1748],[-7.1927,53.1676],[-7.1927,53.1623],[-7.1984,53.1559],[-7.2042,53.1556],[-7.2171,53.1494],[-7.225,53.1503],[-7.2429,53.1389],[-7.2463,53.1427],[-7.2599,53.1431],[-7.2732,53.1361],[-7.2857,53.1375],[-7.3009,53.1344],[-7.3094,53.1376],[-7.319,53.1442],[-7.3326,53.1695],[-7.3174,53.1698],[-7.3317,53.1843],[-7.3405,53.1915],[-7.3531,53.197],[-7.36,53.2035],[-7.3605,53.2084],[-7.3845,53.2134],[-7.3912,53.2075],[-7.4053,53.2126],[-7.4201,53.2103],[-7.4293,53.2067],[-7.427,53.1931],[-7.4323,53.1869],[-7.4439,53.1851],[-7.453,53.1864],[-7.4811,53.1939],[-7.4872,53.1968],[-7.494,53.1901],[-7.5324,53.1845],[-7.5474,53.1766],[-7.57,53.175],[-7.5809,53.1756],[-7.595,53.1717],[-7.6091,53.1726],[-7.6314,53.1676],[-7.6293,53.1618],[-7.6354,53.1565],[-7.6463,53.1517],[-7.645,53.143],[-7.6303,53.1301],[-7.6229,53.1287],[-7.6104,53.1179],[-7.6133,53.1113],[-7.5912,53.1061],[-7.5865,53.1037],[-7.5888,53.0981],[-7.5957,53.0911],[-7.6037,53.0865],[-7.6003,53.0837],[-7.6061,53.0767],[-7.6222,53.0664],[-7.6388,53.0614],[-7.6582,53.0508],[-7.6543,53.0405],[-7.6772,53.0321],[-7.6909,53.0309],[-7.6965,53.0271],[-7.7022,53.016],[-7.7091,53.0092],[-7.7089,52.9966],[-7.7113,52.9887],[-7.7081,52.9779],[-7.716,52.9729],[-7.7174,52.9688],[-7.7307,52.9626],[-7.7305,52.9575],[-7.7473,52.9626],[-7.7593,52.9609],[-7.7596,52.9663],[-7.7703,52.9707],[-7.7819,52.9715],[-7.7909,52.9702],[-7.7933,52.9782],[-7.8023,52.9817],[-7.8258,52.9741],[-7.8241,52.9683],[-7.8446,52.9591],[-7.8451,52.9554],[-7.8646,52.9565],[-7.8627,52.9427],[-7.85,52.9399],[-7.8446,52.9327],[-7.8607,52.9263],[-7.8713,52.9237],[-7.8606,52.9161],[-7.8741,52.9136],[-7.8791,52.9101],[-7.8924,52.9057],[-7.8846,52.8989],[-7.8938,52.897],[-7.8958,52.8931],[-7.9188,52.8932],[-7.9123,52.8843],[-7.9253,52.877],[-7.9324,52.8762],[-7.9347,52.884],[-7.9391,52.8883],[-7.9563,52.8942],[-7.9613,52.8908],[-7.9459,52.8807],[-7.945,52.8664],[-7.964,52.8571],[-7.9602,52.8538],[-7.9694,52.8482],[-7.9786,52.8494],[-7.9889,52.8556],[-7.9959,52.8626],[-7.9937,52.8735],[-7.9873,52.8792],[-7.9998,52.8815],[-8.0256,52.8905],[-8.0396,52.8892],[-8.0431,52.903],[-8.038,52.9117],[-8.0475,52.9192],[-8.0551,52.928],[-8.043,52.9395],[-8.0127,52.928],[-7.993,52.931],[-7.9842,52.9386],[-7.9855,52.9462],[-7.975,52.9505],[-7.988,52.9656],[-7.9873,52.9724],[-8.0082,52.9842],[-8.0044,52.9923],[-7.9928,52.9988],[-7.9788,52.9977],[-7.9609,52.9927],[-7.9499,52.9954],[-7.9528,53.0022],[-7.9601,53.0064],[-7.9632,53.0169],[-7.9599,53.0208],[-7.9637,53.0251],[-7.9622,53.0311],[-7.9565,53.0346],[-7.9634,53.0422],[-7.9544,53.0466],[-7.9432,53.0437],[-7.9359,53.0468],[-7.934,53.0609],[-7.9267,53.0689],[-7.9282,53.0787],[-7.9222,53.0823],[-7.9203,53.0892],[-7.9282,53.097],[-7.9205,53.1042],[-7.9299,53.1094],[-7.936,53.1097],[-7.9416,53.1186],[-7.9552,53.1253],[-7.9743,53.1291],[-7.9777,53.1343],[-7.9946,53.1391],[-8.0016,53.1382],[-8.0089,53.144],[-8.0191,53.1475],[-8.055,53.1539],[-8.0576,53.1571],[-8.0814,53.167],[-8.0837,53.1701],[-8.0744,53.1758],[-8.0618,53.1879],[-8.0506,53.1933],[-8.0373,53.195],[-7.9941,53.193],[-7.9714,53.2129],[-7.9678,53.2253],[-7.9713,53.2329],[-7.9814,53.2392],[-7.998,53.244],[-8.0091,53.2513],[-8.0264,53.2527],[-8.0293,53.2628],[-8.0342,53.2635],[-8.0422,53.2711],[-8.0557,53.274]]]},"properties":{"stroke":"#000000","stroke-opacity":0.5,"stroke-width":1,"fill":"#FFD700","fill-opacity":0.5,"OSM_ID":-335442,"NAME_TAG":"Offaly","NAME_GA":"Contae U\u00edbh Fhail\u00ed","NAME_EN":"County Offaly","ALT_NAME":null,"ALT_NAME_G":null,"LOGAINM_RE":"100031","OSM_USER":"Polarbear","OSM_TIMEST":"2009-11-24 21:11:52+01","ATTRIBUTIO":null,"T_IE_URL":"http://www.townlands.ie/offaly","AREA":2000952140.04723,"LATITUDE":53.2078832122459,"LONGITUDE":-7.60022545599484,"EPOCH_TSTM":1259093512}},{"type":"Feature","geometry":{"type":"MultiPolygon","coordinates":[[[[-9.6795,52.5728],[-9.6577,52.5928],[-9.6358,52.5996],[-9.5487,52.5992],[-9.4363,52.5966],[-9.4079,52.5919],[-9.393,52.5944],[-9.3728,52.6014],[-9.3566,52.601],[-9.3448,52.5896],[-9.3589,52.5814],[-9.3654,52.5722],[-9.3539,52.5674],[-9.3544,52.5621],[-9.3459,52.5609],[-9.3425,52.5558],[-9.3435,52.5501],[-9.3502,52.5449],[-9.3325,52.535],[-9.3315,52.5272],[-9.325,52.5277],[-9.305,52.5213],[-9.2975,52.4959],[-9.313,52.4955],[-9.3184,52.49],[-9.3162,52.4798],[-9.3224,52.4716],[-9.3379,52.4721],[-9.34,52.4626],[-9.3341,52.4582],[-9.3293,52.4468],[-9.319,52.4425],[-9.3143,52.4351],[-9.3044,52.4345],[-9.3074,52.4283],[-9.3265,52.424],[-9.3376,52.4135],[-9.3397,52.408],[-9.3367,52.4024],[-9.3306,52.4027],[-9.3148,52.3972],[-9.3144,52.3921],[-9.3037,52.3898],[-9.3023,52.3821],[-9.311,52.3763],[-9.3263,52.3713],[-9.3419,52.3681],[-9.3477,52.361],[-9.339,52.3536],[-9.3303,52.3549],[-9.3145,52.3456],[-9.2999,52.3346],[-9.282,52.3311],[-9.2764,52.3313],[-9.2599,52.3251],[-9.2525,52.3264],[-9.2404,52.3216],[-9.2327,52.3109],[-9.2304,52.3038],[-9.2174,52.2982],[-9.2109,52.2899],[-9.2162,52.2819],[-9.2251,52.282],[-9.2474,52.279],[-9.2494,52.2732],[-9.2459,52.2672],[-9.2524,52.2624],[-9.2738,52.2545],[-9.2707,52.2496],[-9.2733,52.2356],[-9.276,52.2295],[-9.2666,52.2227],[-9.2632,52.2159],[-9.2518,52.2064],[-9.2463,52.1937],[-9.2482,52.1863],[-9.2453,52.1821],[-9.2318,52.1772],[-9.2353,52.1703],[-9.2307,52.1657],[-9.24,52.1476],[-9.2366,52.14],[-9.2264,52.1311],[-9.2278,52.1217],[-9.2189,52.1128],[-9.2124,52.1107],[-9.2115,52.0989],[-9.2022,52.087],[-9.1953,52.083],[-9.1844,52.0829],[-9.1864,52.0789],[-9.2107,52.07],[-9.2115,52.0654],[-9.2177,52.0617],[-9.2211,52.0482],[-9.2114,52.0233],[-9.1927,52.0248],[-9.1827,52.0239],[-9.1791,52.0146],[-9.1623,52.0066],[-9.1352,52.005],[-9.1255,52.0077],[-9.1188,51.9981],[-9.1288,51.9874],[-9.1379,51.9825],[-9.1566,51.986],[-9.1642,51.983],[-9.1947,51.9824],[-9.2023,51.9781],[-9.2126,51.9753],[-9.2338,51.9721],[-9.2368,51.9703],[-9.2551,51.9696],[-9.2597,51.9664],[-9.2619,51.9597],[-9.2809,51.9553],[-9.2891,51.95],[-9.3027,51.9463],[-9.3068,51.9419],[-9.301,51.9327],[-9.3024,51.9279],[-9.294,51.9172],[-9.286,51.9143],[-9.289,51.9027],[-9.2827,51.902],[-9.274,51.8956],[-9.2797,51.8937],[-9.2852,51.8851],[-9.3016,51.8789],[-9.3001,51.8721],[-9.3056,51.8654],[-9.3245,51.857],[-9.3257,51.8493],[-9.3296,51.8464],[-9.3434,51.8432],[-9.3491,51.8436],[-9.3568,51.8364],[-9.3643,51.8354],[-9.3884,51.8362],[-9.3998,51.8281],[-9.4125,51.8258],[-9.4381,51.8233],[-9.4411,51.814],[-9.4461,51.8072],[-9.4436,51.8025],[-9.4516,51.7992],[-9.4638,51.798],[-9.4803,51.7901],[-9.4971,51.7901],[-9.5218,51.7871],[-9.5363,51.7876],[-9.54,51.7903],[-9.555,51.7877],[-9.5659,51.7896],[-9.5813,51.7841],[-9.5996,51.7879],[-9.6231,51.7857],[-9.6408,51.7717],[-9.6509,51.7649],[-9.6571,51.7643],[-9.6645,51.7502],[-9.6688,51.7474],[-9.6857,51.7453],[-9.6929,51.7425],[-9.7074,51.7439],[-9.7161,51.7396],[-9.7237,51.7399],[-9.7301,51.733],[-9.7506,51.7256],[-9.7615,51.7195],[-9.7612,51.7115],[-9.7716,51.7053],[-9.7815,51.7014],[-9.7912,51.6941],[-9.8087,51.6922],[-9.822,51.6883],[-9.8331,51.6943],[-9.8263,51.7005],[-9.8233,51.7084],[-9.8236,51.7172],[-9.8376,51.719],[-9.8438,51.7238],[-9.8339,51.7331],[-9.8471,51.7401],[-9.8565,51.7514],[-9.8476,51.7572],[-9.8552,51.7638],[-9.8495,51.7698],[-9.8461,51.7777],[-9.8361,51.7745],[-9.8342,51.7712],[-9.8416,51.7656],[-9.8242,51.7679],[-9.8123,51.7671],[-9.8016,51.7681],[-9.7796,51.7658],[-9.7866,51.7726],[-9.8041,51.778],[-9.8092,51.7809],[-9.8189,51.779],[-9.8238,51.7857],[-9.8031,51.794],[-9.7891,51.7985],[-9.78,51.803],[-9.7781,51.8086],[-9.7548,51.8187],[-9.7445,51.8212],[-9.7431,51.8279],[-9.7363,51.8334],[-9.7255,51.837],[-9.7049,51.8391],[-9.6962,51.8419],[-9.6879,51.8413],[-9.6605,51.8429],[-9.6443,51.8491],[-9.6348,51.8508],[-9.6232,51.8583],[-9.6107,51.861],[-9.6033,51.8655],[-9.5617,51.8759],[-9.5561,51.8801],[-9.5607,51.8838],[-9.5834,51.8723],[-9.5984,51.8739],[-9.6047,51.8709],[-9.6243,51.8672],[-9.6324,51.8676],[-9.6373,51.8712],[-9.6523,51.8686],[-9.6555,51.8704],[-9.6697,51.8656],[-9.6747,51.8661],[-9.6881,51.8604],[-9.6955,51.8603],[-9.7312,51.8527],[-9.7391,51.8491],[-9.7489,51.8475],[-9.7763,51.8401],[-9.7783,51.8371],[-9.7911,51.8328],[-9.7971,51.8324],[-9.8042,51.8299],[-9.8143,51.8304],[-9.8293,51.8256],[-9.8281,51.8206],[-9.8313,51.8154],[-9.8402,51.8109],[-9.8541,51.8075],[-9.8582,51.8095],[-9.8607,51.8164],[-9.8694,51.8134],[-9.881,51.8209],[-9.8887,51.8148],[-9.9005,51.8149],[-9.8969,51.8225],[-9.9043,51.8305],[-9.9104,51.8293],[-9.9031,51.8188],[-9.9026,51.8073],[-9.9232,51.8035],[-9.9284,51.805],[-9.937,51.8002],[-9.9477,51.8012],[-9.9601,51.7958],[-9.9703,51.7887],[-9.9873,51.7856],[-9.9961,51.7794],[-10.0101,51.7719],[-10.0337,51.7738],[-10.0381,51.7771],[-10.0456,51.7714],[-10.0511,51.7732],[-10.0599,51.7695],[-10.0537,51.763],[-10.0673,51.7585],[-10.072,51.7603],[-10.0825,51.7559],[-10.0934,51.7575],[-10.1012,51.7556],[-10.1038,51.748],[-10.1117,51.7482],[-10.1261,51.7434],[-10.1261,51.739],[-10.1383,51.7402],[-10.133,51.7485],[-10.1124,51.7608],[-10.1368,51.7594],[-10.1471,51.7641],[-10.1574,51.7645],[-10.1656,51.7678],[-10.1776,51.7661],[-10.1922,51.7719],[-10.1989,51.7776],[-10.2099,51.7745],[-10.2234,51.7771],[-10.224,51.7828],[-10.2054,51.7812],[-10.1821,51.7873],[-10.1777,51.7919],[-10.18,51.7989],[-10.1716,51.805],[-10.1785,51.8086],[-10.1773,51.8166],[-10.172,51.8234],[-10.1767,51.8305],[-10.191,51.834],[-10.2063,51.843],[-10.2069,51.8462],[-10.1939,51.846],[-10.1857,51.8539],[-10.189,51.8575],[-10.2036,51.8509],[-10.2117,51.844],[-10.2308,51.8453],[-10.2361,51.8418],[-10.2442,51.8442],[-10.254,51.8379],[-10.2542,51.8316],[-10.2617,51.8296],[-10.2726,51.822],[-10.2716,51.8077],[-10.2796,51.8066],[-10.2838,51.8029],[-10.2928,51.8049],[-10.2999,51.8016],[-10.3075,51.7948],[-10.3222,51.7912],[-10.3396,51.7845],[-10.3449,51.7923],[-10.3542,51.7971],[-10.3426,51.8007],[-10.333,51.8068],[-10.3391,51.8138],[-10.3315,51.8226],[-10.3371,51.8247],[-10.3353,51.843],[-10.3612,51.8464],[-10.3752,51.8416],[-10.3903,51.8412],[-10.3947,51.8489],[-10.3846,51.8589],[-10.3893,51.8726],[-10.3966,51.8774],[-10.3969,51.8813],[-10.3896,51.8861],[-10.3858,51.8832],[-10.3635,51.8865],[-10.3505,51.885],[-10.3391,51.8913],[-10.323,51.8912],[-10.3067,51.8985],[-10.2982,51.895],[-10.2959,51.8999],[-10.2854,51.9051],[-10.2792,51.9122],[-10.2571,51.9138],[-10.2518,51.9185],[-10.2559,51.9235],[-10.278,51.9287],[-10.2696,51.9338],[-10.2468,51.9397],[-10.2385,51.9472],[-10.2259,51.949],[-10.2111,51.9564],[-10.2026,51.956],[-10.1845,51.9607],[-10.1843,51.9656],[-10.1929,51.9662],[-10.1998,51.962],[-10.2124,51.96],[-10.226,51.9508],[-10.2499,51.9476],[-10.2614,51.9471],[-10.2634,51.9423],[-10.275,51.9388],[-10.2746,51.9441],[-10.2838,51.947],[-10.2854,51.9508],[-10.2987,51.9497],[-10.3048,51.9519],[-10.321,51.9526],[-10.3084,51.9623],[-10.2936,51.9643],[-10.2876,51.9692],[-10.2744,51.9666],[-10.2656,51.9676],[-10.268,51.9731],[-10.2658,51.9798],[-10.2557,51.9898],[-10.2282,51.9958],[-10.2154,51.9909],[-10.2108,51.9924],[-10.2072,52.0023],[-10.1901,52.0102],[-10.1613,52.0152],[-10.15,52.024],[-10.14,52.0269],[-10.1302,52.0248],[-10.1083,52.0294],[-10.1061,52.0254],[-10.0685,52.0392],[-10.0559,52.0405],[-10.038,52.0365],[-10.024,52.0382],[-10.0174,52.042],[-10.0066,52.044],[-9.9977,52.0476],[-9.9779,52.0529],[-9.975,52.0572],[-9.973,52.0791],[-9.9677,52.0737],[-9.9716,52.0634],[-9.9677,52.0587],[-9.9511,52.0661],[-9.9486,52.0718],[-9.936,52.0736],[-9.9311,52.0672],[-9.9218,52.0689],[-9.9244,52.0766],[-9.9353,52.0851],[-9.9236,52.0961],[-9.9094,52.102],[-9.9029,52.1128],[-9.8985,52.1297],[-9.8906,52.1332],[-9.8947,52.1218],[-9.8891,52.1108],[-9.8646,52.1143],[-9.8613,52.1172],[-9.8513,52.1163],[-9.8463,52.1212],[-9.8343,52.1241],[-9.8205,52.1256],[-9.8129,52.1321],[-9.8006,52.1298],[-9.7912,52.1342],[-9.7983,52.1373],[-9.799,52.1428],[-9.7916,52.1519],[-9.7972,52.1613],[-9.8014,52.1621],[-9.8111,52.1542],[-9.8173,52.154],[-9.8203,52.1598],[-9.8402,52.1571],[-9.8533,52.1591],[-9.8666,52.1593],[-9.8704,52.1554],[-9.8819,52.1566],[-9.8912,52.1534],[-9.899,52.1539],[-9.9126,52.1516],[-9.9215,52.1483],[-9.9368,52.1465],[-9.9485,52.1469],[-9.9653,52.1412],[-9.9625,52.1362],[-9.9497,52.1335],[-9.9444,52.1284],[-9.9463,52.1204],[-9.9429,52.1166],[-9.9339,52.1143],[-9.9296,52.1079],[-9.9389,52.1062],[-9.9567,52.1129],[-9.9629,52.1182],[-9.971,52.1302],[-9.9813,52.1416],[-9.9869,52.1434],[-10.0017,52.1403],[-10.0322,52.1383],[-10.0406,52.1355],[-10.0526,52.1344],[-10.0741,52.1285],[-10.0792,52.1289],[-10.0957,52.123],[-10.1092,52.1264],[-10.1122,52.1215],[-10.1241,52.1147],[-10.139,52.112],[-10.148,52.1199],[-10.1565,52.1198],[-10.1745,52.1149],[-10.1941,52.1076],[-10.1949,52.1127],[-10.204,52.1128],[-10.2054,52.1203],[-10.2152,52.1238],[-10.2284,52.1188],[-10.2508,52.1184],[-10.26,52.1221],[-10.2624,52.1294],[-10.2738,52.1356],[-10.272,52.1384],[-10.2866,52.1409],[-10.2866,52.1365],[-10.2939,52.1342],[-10.2996,52.1359],[-10.3082,52.1314],[-10.3006,52.1273],[-10.2863,52.1268],[-10.2783,52.1238],[-10.2673,52.1236],[-10.2617,52.1206],[-10.2645,52.1144],[-10.282,52.1138],[-10.2923,52.1107],[-10.302,52.114],[-10.3135,52.115],[-10.3239,52.1139],[-10.3287,52.121],[-10.3371,52.125],[-10.3571,52.1303],[-10.3624,52.1329],[-10.3694,52.1314],[-10.3755,52.1248],[-10.3782,52.1183],[-10.3729,52.1144],[-10.3624,52.1153],[-10.3561,52.1051],[-10.3948,52.1065],[-10.4006,52.1031],[-10.4097,52.1035],[-10.4239,52.0986],[-10.431,52.0993],[-10.4504,52.0969],[-10.4558,52.0974],[-10.4564,52.1057],[-10.474,52.113],[-10.4643,52.1147],[-10.4595,52.1207],[-10.463,52.1292],[-10.47,52.1349],[-10.4667,52.1433],[-10.4772,52.1494],[-10.4649,52.1525],[-10.4656,52.1576],[-10.4521,52.1676],[-10.45,52.1717],[-10.4603,52.1797],[-10.4695,52.1778],[-10.4725,52.1808],[-10.4483,52.1922],[-10.4384,52.1923],[-10.4322,52.1991],[-10.4239,52.2029],[-10.4148,52.2036],[-10.4093,52.209],[-10.4042,52.2054],[-10.4148,52.1947],[-10.4159,52.1848],[-10.4066,52.1797],[-10.3833,52.1787],[-10.3801,52.1734],[-10.3709,52.176],[-10.3643,52.1836],[-10.379,52.1906],[-10.3783,52.1974],[-10.3696,52.2043],[-10.3614,52.2075],[-10.354,52.2163],[-10.3725,52.2161],[-10.3724,52.2239],[-10.3638,52.2329],[-10.3442,52.236],[-10.3292,52.2358],[-10.3159,52.2405],[-10.3067,52.2406],[-10.294,52.2515],[-10.2948,52.2574],[-10.2869,52.2596],[-10.2793,52.2575],[-10.2703,52.2593],[-10.2619,52.2696],[-10.2522,52.2732],[-10.2279,52.2774],[-10.216,52.2722],[-10.2081,52.2743],[-10.2088,52.2812],[-10.1977,52.2857],[-10.1764,52.2916],[-10.1688,52.2889],[-10.1573,52.2877],[-10.1597,52.279],[-10.1553,52.2768],[-10.1618,52.266],[-10.1472,52.2606],[-10.1604,52.2505],[-10.1601,52.2469],[-10.1774,52.239],[-10.1708,52.2362],[-10.1566,52.2377],[-10.151,52.24],[-10.141,52.2368],[-10.1329,52.2404],[-10.1336,52.2436],[-10.1152,52.2436],[-10.0967,52.245],[-10.0746,52.2527],[-10.0659,52.2587],[-10.053,52.2652],[-10.0404,52.2741],[-10.0328,52.2837],[-10.0324,52.2947],[-10.041,52.3031],[-10.0583,52.307],[-10.0576,52.3096],[-10.0369,52.3098],[-10.0347,52.3062],[-10.0267,52.3042],[-10.0175,52.3069],[-10.0146,52.3162],[-10.0058,52.3101],[-10.0181,52.3011],[-10.0171,52.2896],[-10.0133,52.2841],[-10.0239,52.281],[-10.0267,52.2707],[-10.0089,52.2572],[-9.9964,52.249],[-9.98,52.2457],[-9.9739,52.2398],[-9.9567,52.2328],[-9.9331,52.2317],[-9.9234,52.234],[-9.9117,52.229],[-9.8965,52.2293],[-9.8556,52.2385],[-9.8393,52.2525],[-9.8352,52.2582],[-9.8275,52.2613],[-9.8248,52.2555],[-9.8373,52.2499],[-9.8245,52.2428],[-9.8083,52.2446],[-9.7822,52.2526],[-9.7631,52.2493],[-9.7477,52.2597],[-9.7535,52.2681],[-9.7668,52.2698],[-9.7757,52.2751],[-9.7934,52.2716],[-9.8162,52.2729],[-9.8257,52.2769],[-9.8346,52.2756],[-9.8465,52.2798],[-9.8643,52.2746],[-9.8756,52.2747],[-9.8734,52.2837],[-9.8812,52.2881],[-9.8879,52.298],[-9.8852,52.302],[-9.8621,52.2931],[-9.8709,52.2869],[-9.8724,52.2808],[-9.8611,52.2834],[-9.8512,52.2911],[-9.8382,52.2914],[-9.834,52.2987],[-9.848,52.3003],[-9.8653,52.2975],[-9.8682,52.3016],[-9.8565,52.3085],[-9.8476,52.3067],[-9.8412,52.3091],[-9.8431,52.3133],[-9.8258,52.3136],[-9.8238,52.3185],[-9.8281,52.3236],[-9.8356,52.3234],[-9.8472,52.3187],[-9.8361,52.3369],[-9.8354,52.3424],[-9.8386,52.3606],[-9.8336,52.3703],[-9.8325,52.38],[-9.8376,52.3896],[-9.8544,52.3923],[-9.871,52.3917],[-9.884,52.3946],[-9.9027,52.397],[-9.9144,52.3964],[-9.9182,52.3998],[-9.9425,52.4055],[-9.9476,52.4101],[-9.9425,52.4167],[-9.9424,52.4228],[-9.9173,52.4311],[-9.8987,52.4331],[-9.8746,52.4319],[-9.8658,52.4274],[-9.8504,52.4304],[-9.8393,52.4343],[-9.8251,52.4351],[-9.81,52.4412],[-9.7978,52.4427],[-9.7964,52.4459],[-9.7823,52.446],[-9.7755,52.4504],[-9.7573,52.4549],[-9.7482,52.4606],[-9.7441,52.4675],[-9.7298,52.4744],[-9.7176,52.4761],[-9.71,52.4812],[-9.6969,52.4795],[-9.6893,52.4826],[-9.6801,52.497],[-9.6813,52.5089],[-9.6761,52.5143],[-9.6765,52.5193],[-9.6819,52.5251],[-9.6742,52.5261],[-9.6681,52.5394],[-9.6785,52.5472],[-9.6711,52.5525],[-9.6627,52.5552],[-9.6629,52.5622],[-9.6795,52.5728]]],[[[-10.431,51.8822],[-10.4249,51.8875],[-10.4235,51.8958],[-10.4084,51.9082],[-10.4098,51.9114],[-10.3918,51.9151],[-10.3856,51.913],[-10.373,51.9162],[-10.3507,51.9247],[-10.354,51.9339],[-10.338,51.9318],[-10.3342,51.9289],[-10.3199,51.9317],[-10.3173,51.9242],[-10.2958,51.9286],[-10.2875,51.927],[-10.2891,51.9164],[-10.2935,51.9125],[-10.3073,51.906],[-10.3232,51.9029],[-10.3307,51.8998],[-10.3466,51.8965],[-10.3557,51.8904],[-10.3605,51.8924],[-10.3695,51.8883],[-10.3812,51.887],[-10.3939,51.8921],[-10.4153,51.8833],[-10.431,51.8822]]],[[[-10.5804,52.0724],[-10.5755,52.0791],[-10.5615,52.0897],[-10.5471,52.0954],[-10.533,52.0983],[-10.5214,52.1044],[-10.5216,52.1091],[-10.5072,52.1044],[-10.516,52.0954],[-10.524,52.0946],[-10.5368,52.0874],[-10.5423,52.0886],[-10.5605,52.082],[-10.5637,52.0769],[-10.5804,52.0724]]],[[[-9.8132,51.8214],[-9.8095,51.8271],[-9.8016,51.8307],[-9.7927,51.8313],[-9.7912,51.8256],[-9.8086,51.8173],[-9.8132,51.8214]]],[[[-10.6184,52.0482],[-10.603,52.0471],[-10.5979,52.0413],[-10.6123,52.042],[-10.6184,52.0482]]],[[[-10.2639,51.7257],[-10.2597,51.7326],[-10.2495,51.7364],[-10.2392,51.736],[-10.2454,51.7261],[-10.2639,51.7257]]],[[[-10.4164,51.8317],[-10.4068,51.8401],[-10.401,51.8369],[-10.4164,51.8317]]],[[[-10.3157,51.9371],[-10.3061,51.9419],[-10.2985,51.9379],[-10.3028,51.9315],[-10.3084,51.9357],[-10.3157,51.9371]]],[[[-10.2265,51.7326],[-10.2211,51.7384],[-10.2158,51.733],[-10.2265,51.7326]]],[[[-10.5918,52.1257],[-10.5862,52.1304],[-10.5762,52.1349],[-10.5731,52.1274],[-10.5789,52.1243],[-10.5918,52.1257]]]]},"properties":{"stroke":"#000000","stroke-opacity":0.5,"stroke-width":1,"fill":"#006400","fill-opacity":0.5,"OSM_ID":-332622,"NAME_TAG":"Kerry","NAME_GA":"Contae Chiarra\u00ed","NAME_EN":"County Kerry","ALT_NAME":null,"ALT_NAME_G":null,"LOGAINM_RE":"100005","OSM_USER":"Polarbear","OSM_TIMEST":"2009-11-21 02:58:22+01","ATTRIBUTIO":null,"T_IE_URL":"http://www.townlands.ie/kerry","AREA":4806981343.73813,"LATITUDE":52.1194487322318,"LONGITUDE":-9.72211506079095,"EPOCH_TSTM":1258768702}},{"type":"Feature","geometry":{"type":"Polygon","coordinates":[[[-7.3436,53.7991],[-7.308,53.8127],[-7.2798,53.7925],[-7.2785,53.7818],[-7.2731,53.7792],[-7.2625,53.779],[-7.2538,53.7739],[-7.2478,53.7779],[-7.2407,53.7781],[-7.229,53.7715],[-7.2194,53.7738],[-7.2144,53.7789],[-7.2126,53.7856],[-7.2059,53.7876],[-7.1939,53.7947],[-7.185,53.7888],[-7.1741,53.7923],[-7.1716,53.7958],[-7.1595,53.795],[-7.1521,53.8012],[-7.1414,53.7993],[-7.1358,53.7939],[-7.1277,53.7905],[-7.1234,53.7938],[-7.1155,53.7932],[-7.1073,53.7893],[-7.105,53.7766],[-7.0914,53.7742],[-7.0808,53.7757],[-7.0667,53.7724],[-7.0485,53.7728],[-7.0378,53.7767],[-7.0209,53.769],[-7.0127,53.7693],[-7.0006,53.7664],[-7.0009,53.7729],[-6.9908,53.7755],[-6.9815,53.7726],[-6.971,53.7777],[-6.973,53.7851],[-6.9632,53.7911],[-6.9558,53.7871],[-6.9514,53.7816],[-6.9407,53.7807],[-6.9315,53.7863],[-6.942,53.7893],[-6.9401,53.7984],[-6.9335,53.8029],[-6.9217,53.8015],[-6.9135,53.8104],[-6.9169,53.816],[-6.9303,53.8229],[-6.9334,53.8275],[-6.9512,53.8349],[-6.9552,53.8452],[-6.9632,53.8438],[-6.9673,53.8531],[-6.9725,53.857],[-6.9661,53.8609],[-6.9747,53.871],[-6.9663,53.8701],[-6.9566,53.8637],[-6.9307,53.8721],[-6.9272,53.8791],[-6.9327,53.8812],[-6.9342,53.8912],[-6.9241,53.8928],[-6.907,53.8872],[-6.8968,53.8809],[-6.8848,53.8807],[-6.8774,53.8775],[-6.8622,53.8757],[-6.8448,53.879],[-6.8401,53.8824],[-6.8464,53.8886],[-6.817,53.8983],[-6.8094,53.8963],[-6.8133,53.892],[-6.8003,53.8907],[-6.7938,53.8866],[-6.7853,53.8899],[-6.7834,53.8976],[-6.7896,53.8997],[-6.7793,53.9162],[-6.7689,53.9107],[-6.7619,53.9175],[-6.7543,53.9143],[-6.7407,53.9124],[-6.7305,53.9175],[-6.7283,53.9121],[-6.7145,53.9034],[-6.7003,53.9007],[-6.6952,53.9017],[-6.686,53.9008],[-6.6789,53.893],[-6.665,53.8915],[-6.6571,53.8843],[-6.6439,53.8834],[-6.6369,53.8794],[-6.6264,53.8798],[-6.6207,53.8751],[-6.6021,53.8634],[-6.5935,53.8517],[-6.5986,53.8397],[-6.5922,53.8322],[-6.5822,53.8278],[-6.5786,53.8198],[-6.5835,53.8163],[-6.5795,53.8026],[-6.5716,53.7977],[-6.5537,53.7951],[-6.5478,53.778],[-6.5371,53.7801],[-6.5277,53.7742],[-6.5285,53.7691],[-6.516,53.7667],[-6.4785,53.7698],[-6.4676,53.7698],[-6.4549,53.7664],[-6.4478,53.7576],[-6.4595,53.75],[-6.4811,53.7303],[-6.4791,53.7259],[-6.4696,53.7211],[-6.4641,53.7133],[-6.4556,53.713],[-6.4428,53.7161],[-6.436,53.7155],[-6.4275,53.7207],[-6.4263,53.725],[-6.4183,53.7258],[-6.398,53.7193],[-6.389,53.7146],[-6.381,53.7145],[-6.3811,53.7095],[-6.3736,53.6986],[-6.3654,53.703],[-6.3553,53.7056],[-6.331,53.7073],[-6.3218,53.7026],[-6.3144,53.706],[-6.3232,53.7163],[-6.3106,53.7203],[-6.2943,53.7214],[-6.268,53.7321],[-6.2567,53.73],[-6.2509,53.724],[-6.2388,53.7217],[-6.2442,53.7207],[-6.2439,53.7001],[-6.233,53.6682],[-6.2215,53.6518],[-6.2129,53.6337],[-6.2188,53.6306],[-6.2309,53.6287],[-6.2416,53.6347],[-6.2555,53.6329],[-6.2607,53.6271],[-6.2678,53.6237],[-6.2672,53.6171],[-6.2736,53.6139],[-6.2718,53.6092],[-6.2724,53.5975],[-6.2822,53.5937],[-6.2887,53.5881],[-6.3004,53.5881],[-6.3105,53.584],[-6.3146,53.5779],[-6.3334,53.5719],[-6.3547,53.5838],[-6.3691,53.5888],[-6.3817,53.5885],[-6.3866,53.5842],[-6.4001,53.5778],[-6.402,53.5733],[-6.4142,53.5734],[-6.4234,53.5663],[-6.4324,53.5506],[-6.433,53.5438],[-6.4198,53.5405],[-6.4171,53.5339],[-6.4072,53.5264],[-6.389,53.5246],[-6.3826,53.5206],[-6.3673,53.5165],[-6.3676,53.5064],[-6.3466,53.5018],[-6.3396,53.4914],[-6.3295,53.4908],[-6.3381,53.4775],[-6.346,53.4752],[-6.355,53.4622],[-6.3557,53.4515],[-6.3537,53.4476],[-6.3653,53.4445],[-6.3778,53.4443],[-6.3871,53.438],[-6.3966,53.4377],[-6.4105,53.4408],[-6.416,53.4353],[-6.4179,53.4244],[-6.4212,53.4168],[-6.433,53.4147],[-6.4411,53.4063],[-6.4394,53.4036],[-6.4511,53.3915],[-6.4601,53.3884],[-6.4716,53.3876],[-6.4838,53.3903],[-6.4948,53.3843],[-6.5229,53.394],[-6.5323,53.3942],[-6.5465,53.4051],[-6.5532,53.4026],[-6.5724,53.3891],[-6.583,53.3907],[-6.5924,53.3958],[-6.6018,53.3975],[-6.6212,53.3981],[-6.6504,53.3947],[-6.6651,53.3995],[-6.6679,53.4069],[-6.6789,53.4088],[-6.7092,53.4201],[-6.7194,53.4204],[-6.7311,53.4253],[-6.7527,53.4292],[-6.7695,53.4288],[-6.7917,53.4181],[-6.802,53.4103],[-6.8044,53.404],[-6.8113,53.3986],[-6.8198,53.4012],[-6.8326,53.4006],[-6.8564,53.4071],[-6.862,53.4119],[-6.8817,53.4145],[-6.8899,53.4213],[-6.8916,53.4262],[-6.904,53.4295],[-6.9151,53.4374],[-6.9172,53.4494],[-6.9325,53.4465],[-6.9498,53.4414],[-6.963,53.4512],[-6.9772,53.4487],[-6.9891,53.4417],[-6.9955,53.4419],[-7.009,53.4361],[-7.0139,53.4249],[-7.0225,53.4222],[-7.0264,53.4158],[-7.0349,53.4092],[-7.0455,53.4079],[-7.0547,53.4028],[-7.0746,53.3959],[-7.077,53.3861],[-7.0815,53.3819],[-7.098,53.3823],[-7.1234,53.3915],[-7.1306,53.3961],[-7.1421,53.3956],[-7.1419,53.4032],[-7.1635,53.4133],[-7.1773,53.4164],[-7.181,53.4198],[-7.1924,53.4233],[-7.1949,53.4348],[-7.1839,53.4342],[-7.1586,53.4392],[-7.1557,53.4469],[-7.1502,53.4498],[-7.1236,53.446],[-7.0952,53.4532],[-7.0826,53.4633],[-7.0745,53.467],[-7.0631,53.4688],[-7.0673,53.4771],[-7.0662,53.4835],[-7.062,53.4869],[-7.0689,53.4951],[-7.0653,53.497],[-7.0427,53.5003],[-7.0354,53.5036],[-7.0388,53.5087],[-7.037,53.5133],[-7.0229,53.5224],[-7.0219,53.5367],[-7.0179,53.5447],[-7.0304,53.551],[-7.0355,53.5571],[-7.031,53.5677],[-7.0238,53.5748],[-7.014,53.5782],[-6.995,53.5763],[-6.9896,53.5781],[-6.9963,53.5852],[-6.9956,53.5891],[-6.9871,53.59],[-6.9803,53.6077],[-6.9881,53.613],[-6.9886,53.6187],[-6.9786,53.6276],[-6.9655,53.6312],[-6.9631,53.6416],[-6.9563,53.6503],[-6.964,53.6559],[-6.9728,53.6581],[-6.9824,53.6723],[-6.99,53.676],[-7.003,53.6769],[-7.0044,53.6684],[-7.0083,53.6669],[-7.0234,53.6718],[-7.0303,53.6603],[-7.0502,53.6594],[-7.0598,53.649],[-7.0651,53.6455],[-7.0738,53.6481],[-7.0964,53.6614],[-7.0965,53.6643],[-7.1096,53.6691],[-7.1121,53.6747],[-7.1205,53.6829],[-7.1303,53.674],[-7.1478,53.6847],[-7.158,53.6851],[-7.1741,53.6882],[-7.1938,53.6937],[-7.2035,53.6997],[-7.2101,53.6962],[-7.2135,53.7025],[-7.2263,53.7033],[-7.23,53.7108],[-7.2375,53.7153],[-7.2385,53.7208],[-7.2318,53.7278],[-7.2298,53.7339],[-7.2382,53.7359],[-7.2437,53.7425],[-7.2577,53.7453],[-7.273,53.7553],[-7.2732,53.759],[-7.2825,53.7674],[-7.2809,53.7692],[-7.2923,53.7785],[-7.3156,53.7844],[-7.3165,53.7887],[-7.3362,53.788],[-7.3419,53.7926],[-7.3436,53.7991]]]},"properties":{"stroke":"#000000","stroke-opacity":0.5,"stroke-width":1,"fill":"#008000","fill-opacity":0.5,"OSM_ID":-282818,"NAME_TAG":"Meath","NAME_GA":"Contae na M\u00ed","NAME_EN":"County Meath","ALT_NAME":null,"ALT_NAME_G":null,"LOGAINM_RE":"100024","OSM_USER":"mackerski","OSM_TIMEST":"2009-10-07 01:57:06+02","ATTRIBUTIO":null,"T_IE_URL":"http://www.townlands.ie/meath","AREA":2342315056.49765,"LATITUDE":53.6315306867529,"LONGITUDE":-6.73197267426705,"EPOCH_TSTM":1254873426}},{"type":"Feature","geometry":{"type":"MultiPolygon","coordinates":[[[[-6.4601,53.3884],[-6.4511,53.3915],[-6.4394,53.4036],[-6.4411,53.4063],[-6.433,53.4147],[-6.4212,53.4168],[-6.4179,53.4244],[-6.416,53.4353],[-6.4105,53.4408],[-6.3966,53.4377],[-6.3871,53.438],[-6.3778,53.4443],[-6.3653,53.4445],[-6.3537,53.4476],[-6.3557,53.4515],[-6.355,53.4622],[-6.346,53.4752],[-6.3381,53.4775],[-6.3295,53.4908],[-6.3396,53.4914],[-6.3466,53.5018],[-6.3676,53.5064],[-6.3673,53.5165],[-6.3826,53.5206],[-6.389,53.5246],[-6.4072,53.5264],[-6.4171,53.5339],[-6.4198,53.5405],[-6.433,53.5438],[-6.4324,53.5506],[-6.4234,53.5663],[-6.4142,53.5734],[-6.402,53.5733],[-6.4001,53.5778],[-6.3866,53.5842],[-6.3817,53.5885],[-6.3691,53.5888],[-6.3547,53.5838],[-6.3334,53.5719],[-6.3146,53.5779],[-6.3105,53.584],[-6.3004,53.5881],[-6.2887,53.5881],[-6.2822,53.5937],[-6.2724,53.5975],[-6.2718,53.6092],[-6.2736,53.6139],[-6.2672,53.6171],[-6.2678,53.6237],[-6.2607,53.6271],[-6.2555,53.6329],[-6.2416,53.6347],[-6.2309,53.6287],[-6.2188,53.6306],[-6.2129,53.6337],[-6.1946,53.6297],[-6.1877,53.6302],[-6.1884,53.6209],[-6.183,53.6129],[-6.1752,53.6091],[-6.1681,53.6088],[-6.1552,53.5908],[-6.1489,53.5864],[-6.1302,53.5859],[-6.1194,53.5826],[-6.1048,53.5812],[-6.099,53.5658],[-6.0838,53.5604],[-6.0794,53.5494],[-6.0847,53.5421],[-6.0874,53.532],[-6.0842,53.524],[-6.0754,53.5213],[-6.0843,53.517],[-6.0919,53.5183],[-6.1114,53.5097],[-6.1247,53.5139],[-6.1414,53.509],[-6.1475,53.5095],[-6.1488,53.5024],[-6.1278,53.4985],[-6.1267,53.5026],[-6.1302,53.5101],[-6.1173,53.5094],[-6.1078,53.4934],[-6.0987,53.4933],[-6.0966,53.4895],[-6.1044,53.484],[-6.1107,53.4829],[-6.118,53.4761],[-6.1253,53.4656],[-6.1322,53.4527],[-6.1448,53.4542],[-6.1427,53.4627],[-6.1334,53.4682],[-6.1447,53.4746],[-6.1526,53.4761],[-6.1542,53.4687],[-6.1746,53.4693],[-6.1865,53.4671],[-6.1967,53.4631],[-6.1764,53.4562],[-6.1693,53.4561],[-6.1588,53.4526],[-6.1347,53.4509],[-6.132,53.4464],[-6.1242,53.4442],[-6.12,53.4362],[-6.1199,53.4259],[-6.1158,53.4149],[-6.104,53.3995],[-6.1169,53.3981],[-6.126,53.41],[-6.1339,53.4171],[-6.1365,53.4097],[-6.1223,53.3943],[-6.1022,53.3926],[-6.0944,53.3934],[-6.07,53.3888],[-6.0626,53.3864],[-6.0452,53.385],[-6.0461,53.3737],[-6.0571,53.3639],[-6.0694,53.3643],[-6.0761,53.3603],[-6.0851,53.3628],[-6.0986,53.3708],[-6.1029,53.3799],[-6.1017,53.3852],[-6.1161,53.3886],[-6.1307,53.3875],[-6.1426,53.3848],[-6.1572,53.3786],[-6.1618,53.3734],[-6.1532,53.3721],[-6.1382,53.3791],[-6.1298,53.3809],[-6.1186,53.3796],[-6.1398,53.3708],[-6.1511,53.3642],[-6.1654,53.3528],[-6.1763,53.3577],[-6.164,53.3687],[-6.1927,53.3577],[-6.2114,53.36],[-6.2206,53.3626],[-6.227,53.3592],[-6.2105,53.3567],[-6.2103,53.3537],[-6.1963,53.3532],[-6.1889,53.3503],[-6.189,53.3455],[-6.1827,53.3375],[-6.1946,53.3351],[-6.2098,53.3371],[-6.2103,53.3328],[-6.2037,53.3157],[-6.1931,53.3089],[-6.1791,53.3032],[-6.1542,53.2957],[-6.1412,53.2979],[-6.1308,53.2948],[-6.1207,53.2879],[-6.111,53.2876],[-6.1027,53.2841],[-6.0912,53.2716],[-6.1067,53.2658],[-6.1125,53.2576],[-6.1134,53.248],[-6.1106,53.2349],[-6.1032,53.2107],[-6.1143,53.2079],[-6.1262,53.2075],[-6.1291,53.2007],[-6.1361,53.1991],[-6.1467,53.2032],[-6.1622,53.2028],[-6.1732,53.2092],[-6.1823,53.221],[-6.1951,53.2165],[-6.2073,53.216],[-6.2104,53.2104],[-6.2193,53.2123],[-6.2268,53.209],[-6.2273,53.2054],[-6.2396,53.2022],[-6.2592,53.2049],[-6.2757,53.211],[-6.2921,53.2229],[-6.3047,53.2246],[-6.3084,53.2186],[-6.3082,53.2103],[-6.3122,53.1945],[-6.3319,53.1783],[-6.3472,53.1809],[-6.3746,53.1925],[-6.3683,53.2138],[-6.3758,53.216],[-6.4013,53.2113],[-6.4057,53.2172],[-6.414,53.2195],[-6.4197,53.2313],[-6.4557,53.231],[-6.46,53.2256],[-6.4752,53.2343],[-6.479,53.2386],[-6.4963,53.2424],[-6.5169,53.2488],[-6.5285,53.2469],[-6.5342,53.255],[-6.5245,53.257],[-6.5153,53.2638],[-6.5296,53.2685],[-6.5394,53.2755],[-6.5462,53.2752],[-6.5439,53.2821],[-6.5306,53.2871],[-6.5267,53.2998],[-6.5425,53.3069],[-6.5281,53.3136],[-6.5316,53.3157],[-6.5248,53.3222],[-6.5039,53.3242],[-6.4903,53.3385],[-6.4978,53.343],[-6.4894,53.3629],[-6.475,53.3629],[-6.47,53.3794],[-6.4665,53.385],[-6.4601,53.3884]]],[[[-6.0356,53.4892],[-6.0303,53.4924],[-6.0103,53.4988],[-6.0039,53.4926],[-6.0054,53.4855],[-6.0123,53.4822],[-6.0237,53.4841],[-6.0305,53.4891],[-6.0356,53.4892]]]]},"properties":{"stroke":"#000000","stroke-opacity":0.5,"stroke-width":1,"fill":"#000080","fill-opacity":0.5,"OSM_ID":-282800,"NAME_TAG":"Dublin","NAME_GA":"Contae \u00c1tha Cliath","NAME_EN":"County Dublin","ALT_NAME":null,"ALT_NAME_G":null,"LOGAINM_RE":"100002","OSM_USER":"mackerski","OSM_TIMEST":"2009-10-07 01:32:34+02","ATTRIBUTIO":null,"T_IE_URL":"http://www.townlands.ie/dublin","AREA":929013107.875126,"LATITUDE":53.3922233254471,"LONGITUDE":-6.28397592120467,"EPOCH_TSTM":1254871954}},{"type":"Feature","geometry":{"type":"Polygon","coordinates":[[[-6.8639,54.3301],[-6.8548,54.3294],[-6.8369,54.3357],[-6.8327,54.3514],[-6.8271,54.3581],[-6.8152,54.3652],[-6.8115,54.3752],[-6.8045,54.3798],[-6.8073,54.3864],[-6.8043,54.3901],[-6.8079,54.3974],[-6.8006,54.403],[-6.7997,54.4085],[-6.792,54.4155],[-6.7709,54.4139],[-6.7627,54.4074],[-6.734,54.4089],[-6.7281,54.4017],[-6.7197,54.4019],[-6.7046,54.4076],[-6.7039,54.4268],[-6.6939,54.4294],[-6.6978,54.4371],[-6.6964,54.4429],[-6.6866,54.4443],[-6.6698,54.4555],[-6.6677,54.4631],[-6.6607,54.4642],[-6.6497,54.4702],[-6.6526,54.4787],[-6.6507,54.4868],[-6.6398,54.4905],[-6.6374,54.4975],[-6.6293,54.5039],[-6.6214,54.5027],[-6.6108,54.5072],[-6.602,54.5031],[-6.5924,54.5033],[-6.5892,54.5071],[-6.577,54.5128],[-6.5786,54.5177],[-6.5407,54.5429],[-6.4251,54.5675],[-6.3781,54.5136],[-6.357,54.5093],[-6.3369,54.5055],[-6.3316,54.5024],[-6.334,54.4974],[-6.3231,54.4961],[-6.2995,54.4893],[-6.2984,54.4798],[-6.3022,54.4652],[-6.3106,54.4607],[-6.3092,54.4512],[-6.3023,54.4493],[-6.3082,54.4441],[-6.3183,54.4439],[-6.3336,54.4467],[-6.3419,54.4435],[-6.3551,54.4328],[-6.3716,54.4279],[-6.3789,54.4228],[-6.3738,54.419],[-6.379,54.4119],[-6.3762,54.4077],[-6.3798,54.4029],[-6.3875,54.4022],[-6.3916,54.3969],[-6.4003,54.393],[-6.3945,54.3858],[-6.3933,54.3789],[-6.3846,54.3713],[-6.3839,54.3655],[-6.378,54.3587],[-6.3753,54.3512],[-6.369,54.3489],[-6.3626,54.3408],[-6.3653,54.3328],[-6.3635,54.3167],[-6.3607,54.3125],[-6.3692,54.3041],[-6.3715,54.2918],[-6.3582,54.282],[-6.3543,54.2742],[-6.3664,54.2697],[-6.3604,54.2612],[-6.3622,54.2555],[-6.3736,54.246],[-6.3693,54.2439],[-6.3696,54.2379],[-6.3617,54.2312],[-6.3648,54.2266],[-6.3537,54.215],[-6.3472,54.1949],[-6.3375,54.1904],[-6.3348,54.185],[-6.3505,54.1844],[-6.3488,54.1716],[-6.3383,54.1651],[-6.3346,54.1594],[-6.3192,54.1463],[-6.3027,54.1232],[-6.2909,54.1127],[-6.2919,54.1122],[-6.2952,54.1096],[-6.309,54.1067],[-6.3132,54.0961],[-6.3191,54.091],[-6.3363,54.0947],[-6.3347,54.1055],[-6.3399,54.1119],[-6.3457,54.1135],[-6.354,54.1106],[-6.3635,54.1137],[-6.3682,54.1113],[-6.3662,54.101],[-6.3624,54.0968],[-6.3637,54.0902],[-6.3623,54.0793],[-6.3673,54.0702],[-6.3839,54.0678],[-6.3871,54.0617],[-6.3925,54.0603],[-6.4181,54.0624],[-6.443,54.0576],[-6.4483,54.061],[-6.4506,54.0675],[-6.4778,54.0771],[-6.4814,54.0719],[-6.4798,54.0672],[-6.4965,54.0593],[-6.5091,54.0574],[-6.5158,54.0525],[-6.5319,54.0597],[-6.5492,54.0504],[-6.5577,54.0492],[-6.5695,54.0509],[-6.5867,54.0575],[-6.5957,54.052],[-6.5951,54.0445],[-6.6045,54.045],[-6.607,54.0398],[-6.6162,54.0425],[-6.6232,54.0389],[-6.6359,54.0439],[-6.6449,54.0528],[-6.6508,54.0618],[-6.6609,54.0627],[-6.6688,54.0735],[-6.6584,54.0756],[-6.6586,54.0875],[-6.6615,54.0912],[-6.6451,54.096],[-6.6453,54.1006],[-6.655,54.1094],[-6.6608,54.118],[-6.6613,54.1227],[-6.6502,54.1254],[-6.6494,54.1298],[-6.6396,54.1319],[-6.641,54.1387],[-6.6378,54.1449],[-6.6316,54.147],[-6.6312,54.1529],[-6.6359,54.1666],[-6.6357,54.1709],[-6.6586,54.1848],[-6.6642,54.1924],[-6.6735,54.1922],[-6.6878,54.1949],[-6.6954,54.1989],[-6.7065,54.1999],[-6.714,54.1948],[-6.7129,54.1914],[-6.7209,54.1871],[-6.7211,54.182],[-6.735,54.1858],[-6.7449,54.1847],[-6.7458,54.1889],[-6.7562,54.1993],[-6.7736,54.1989],[-6.7842,54.2059],[-6.7942,54.2088],[-6.8024,54.2152],[-6.8004,54.2211],[-6.815,54.2272],[-6.8196,54.2323],[-6.8191,54.238],[-6.8291,54.2475],[-6.8296,54.2574],[-6.8368,54.2665],[-6.8656,54.2697],[-6.8655,54.2745],[-6.878,54.2792],[-6.8778,54.2852],[-6.8696,54.2875],[-6.8658,54.2824],[-6.8586,54.2835],[-6.86,54.2895],[-6.8539,54.2901],[-6.8509,54.2973],[-6.8589,54.3037],[-6.8565,54.3135],[-6.8632,54.3153],[-6.8657,54.3277],[-6.8639,54.3301]]]},"properties":{"stroke":"#000000","stroke-opacity":0.5,"stroke-width":1,"fill":"#FF7F50","fill-opacity":0.5,"OSM_ID":-1119535,"NAME_TAG":"Armagh","NAME_GA":"Contae Ard Mhacha","NAME_EN":"County Armagh","ALT_NAME":null,"ALT_NAME_G":null,"LOGAINM_RE":"100001","OSM_USER":"Polarbear","OSM_TIMEST":"2010-08-10 18:28:50+02","ATTRIBUTIO":null,"T_IE_URL":"http://www.townlands.ie/armagh","AREA":1325722407.57117,"LATITUDE":54.298459285719,"LONGITUDE":-6.55155165702657,"EPOCH_TSTM":1281457730}},{"type":"Feature","geometry":{"type":"MultiPolygon","coordinates":[[[[-6.6686,55.1993],[-6.6554,55.2013],[-6.6557,55.2061],[-6.6617,55.2096],[-6.6574,55.2129],[-6.6477,55.2039],[-6.6293,55.2084],[-6.6122,55.206],[-6.5876,55.2085],[-6.5716,55.2152],[-6.5513,55.2181],[-6.5437,55.2172],[-6.5279,55.2255],[-6.5309,55.2336],[-6.5175,55.2361],[-6.5171,55.2388],[-6.5058,55.241],[-6.5058,55.2445],[-6.4823,55.2521],[-6.4737,55.252],[-6.4605,55.2449],[-6.4549,55.2393],[-6.4212,55.2384],[-6.4075,55.2323],[-6.3959,55.2333],[-6.3679,55.2458],[-6.3604,55.2412],[-6.3426,55.2387],[-6.3326,55.2396],[-6.328,55.2356],[-6.313,55.2299],[-6.2918,55.2293],[-6.287,55.2246],[-6.2718,55.2209],[-6.2599,55.213],[-6.2462,55.2115],[-6.2369,55.2043],[-6.2278,55.2047],[-6.218,55.2078],[-6.177,55.214],[-6.1652,55.2227],[-6.1561,55.2273],[-6.1402,55.2273],[-6.1284,55.2176],[-6.1163,55.2097],[-6.1075,55.2102],[-6.0866,55.2035],[-6.074,55.198],[-6.0663,55.1971],[-6.0633,55.1896],[-6.0527,55.1825],[-6.0516,55.1765],[-6.0447,55.1715],[-6.0314,55.1683],[-6.0257,55.1584],[-6.0259,55.1392],[-6.0415,55.1314],[-6.0424,55.1278],[-6.0355,55.1229],[-6.0335,55.1136],[-6.0359,55.1029],[-6.0486,55.0886],[-6.0555,55.0844],[-6.0522,55.0742],[-6.0575,55.064],[-6.0533,55.0586],[-6.0426,55.053],[-6.0236,55.0572],[-6.0125,55.0566],[-6.0044,55.0588],[-5.9811,55.0581],[-5.9683,55.0528],[-5.9626,55.045],[-5.9723,55.0306],[-5.9718,55.0232],[-5.979,55.0116],[-5.9772,55.0074],[-5.9873,55.0002],[-5.9912,54.9858],[-5.9828,54.9791],[-5.9694,54.9811],[-5.9626,54.978],[-5.9583,54.9709],[-5.9345,54.9696],[-5.9189,54.9619],[-5.911,54.9527],[-5.9005,54.9438],[-5.8938,54.9348],[-5.8863,54.9189],[-5.8781,54.9077],[-5.8569,54.8987],[-5.8448,54.9009],[-5.8414,54.8972],[-5.8391,54.8836],[-5.833,54.8779],[-5.8228,54.876],[-5.8115,54.8679],[-5.8046,54.8571],[-5.7984,54.8543],[-5.7973,54.8452],[-5.8171,54.8453],[-5.8129,54.8417],[-5.8117,54.8338],[-5.8035,54.8241],[-5.7977,54.8218],[-5.7727,54.8158],[-5.7627,54.8184],[-5.7484,54.8153],[-5.7406,54.8103],[-5.7482,54.8075],[-5.7469,54.8038],[-5.7367,54.7954],[-5.7241,54.775],[-5.7193,54.7878],[-5.7236,54.7993],[-5.7315,54.8048],[-5.7343,54.8134],[-5.7517,54.8207],[-5.7518,54.8257],[-5.7695,54.8318],[-5.7782,54.8396],[-5.7868,54.8423],[-5.7907,54.8482],[-5.7816,54.8515],[-5.7794,54.8586],[-5.7703,54.8521],[-5.7616,54.8545],[-5.7581,54.8586],[-5.7461,54.8554],[-5.7297,54.8475],[-5.7262,54.8485],[-5.7154,54.8393],[-5.6919,54.8103],[-5.6896,54.8013],[-5.6942,54.7788],[-5.6924,54.7656],[-5.7015,54.759],[-5.7091,54.7509],[-5.7097,54.7466],[-5.7265,54.7379],[-5.7335,54.738],[-5.7465,54.7267],[-5.7657,54.7229],[-5.7787,54.7232],[-5.7895,54.7211],[-5.8059,54.713],[-5.8308,54.7087],[-5.8422,54.7041],[-5.8498,54.6967],[-5.8546,54.6959],[-5.8713,54.6862],[-5.8942,54.6752],[-5.8977,54.6717],[-5.9027,54.6591],[-5.9146,54.6462],[-5.9146,54.6423],[-5.9047,54.6423],[-5.899,54.6388],[-5.9067,54.6351],[-5.906,54.6299],[-5.8987,54.63],[-5.8799,54.6401],[-5.8725,54.6373],[-5.8942,54.6227],[-5.9166,54.606],[-5.9203,54.5991],[-5.9129,54.5963],[-5.9192,54.5908],[-5.9206,54.5832],[-5.9279,54.58],[-5.9309,54.5754],[-5.9255,54.5697],[-5.9269,54.5648],[-5.9346,54.5633],[-5.9382,54.5579],[-5.9647,54.5474],[-5.966,54.5424],[-5.9603,54.5381],[-5.9733,54.5313],[-5.9875,54.5374],[-5.9891,54.5415],[-5.9979,54.5423],[-6.0126,54.5356],[-6.0152,54.5304],[-6.0224,54.5296],[-6.0272,54.5248],[-6.0215,54.5187],[-6.0189,54.5118],[-6.0277,54.5044],[-6.0417,54.5045],[-6.051,54.4987],[-6.0587,54.4975],[-6.067,54.5045],[-6.0746,54.506],[-6.0967,54.5008],[-6.1122,54.4949],[-6.1344,54.496],[-6.1429,54.4861],[-6.1643,54.4794],[-6.1704,54.4802],[-6.181,54.4773],[-6.2003,54.4834],[-6.2086,54.4901],[-6.2298,54.4956],[-6.2451,54.4916],[-6.2587,54.4915],[-6.2658,54.4989],[-6.28,54.5008],[-6.296,54.4974],[-6.3038,54.5021],[-6.3115,54.5028],[-6.3277,54.5122],[-6.3389,54.5091],[-6.357,54.5093],[-6.3781,54.5136],[-6.4251,54.5675],[-6.4127,54.628],[-6.4066,54.6489],[-6.4692,54.6854],[-6.4961,54.7138],[-6.4859,54.7367],[-6.4647,54.7542],[-6.4571,54.7617],[-6.4622,54.7667],[-6.4686,54.7661],[-6.4801,54.7754],[-6.4765,54.7789],[-6.4778,54.7935],[-6.4709,54.8124],[-6.4591,54.8167],[-6.4573,54.8239],[-6.4715,54.8412],[-6.4714,54.8538],[-6.486,54.8752],[-6.488,54.883],[-6.4968,54.8887],[-6.5058,54.9112],[-6.4996,54.9185],[-6.5145,54.9342],[-6.5173,54.9403],[-6.5232,54.945],[-6.5398,54.9536],[-6.547,54.9634],[-6.5517,54.9745],[-6.5466,54.9776],[-6.5509,54.9826],[-6.5695,54.9853],[-6.5737,54.9952],[-6.5824,55.0098],[-6.5782,55.0123],[-6.5738,55.0273],[-6.5731,55.0387],[-6.5826,55.0511],[-6.58,55.0574],[-6.5841,55.0631],[-6.5978,55.0682],[-6.6081,55.0793],[-6.6034,55.0836],[-6.5854,55.0884],[-6.5729,55.1061],[-6.5696,55.1132],[-6.5687,55.1305],[-6.5733,55.142],[-6.5805,55.1441],[-6.5845,55.1561],[-6.5964,55.167],[-6.6037,55.1655],[-6.6064,55.173],[-6.6138,55.1818],[-6.622,55.1792],[-6.6233,55.1859],[-6.6371,55.188],[-6.6463,55.1949],[-6.6653,55.1908],[-6.6686,55.1993]]],[[[-6.2865,55.2944],[-6.2717,55.306],[-6.2652,55.3056],[-6.2464,55.3095],[-6.2389,55.3124],[-6.2186,55.3064],[-6.1999,55.3071],[-6.1904,55.3046],[-6.1698,55.3015],[-6.1679,55.2973],[-6.1738,55.2941],[-6.1806,55.2799],[-6.1808,55.2661],[-6.1921,55.26],[-6.1982,55.2649],[-6.2009,55.2754],[-6.1958,55.2822],[-6.1884,55.2853],[-6.1923,55.2915],[-6.1997,55.2934],[-6.2275,55.2961],[-6.255,55.2919],[-6.2656,55.293],[-6.2742,55.2913],[-6.2865,55.2944]]]]},"properties":{"stroke":"#000000","stroke-opacity":0.5,"stroke-width":1,"fill":"#F4C430","fill-opacity":0.5,"OSM_ID":-1119534,"NAME_TAG":"Antrim","NAME_GA":"Contae Aontroma","NAME_EN":"County Antrim","ALT_NAME":null,"ALT_NAME_G":null,"LOGAINM_RE":"100000","OSM_USER":"Polarbear","OSM_TIMEST":"2010-08-10 18:28:48+02","ATTRIBUTIO":null,"T_IE_URL":"http://www.townlands.ie/antrim","AREA":3095244209.23576,"LATITUDE":54.8702455391641,"LONGITUDE":-6.20213844757423,"EPOCH_TSTM":1281457728}},{"type":"Feature","geometry":{"type":"MultiPolygon","coordinates":[[[[-6.357,54.5093],[-6.3389,54.5091],[-6.3277,54.5122],[-6.3115,54.5028],[-6.3038,54.5021],[-6.296,54.4974],[-6.28,54.5008],[-6.2658,54.4989],[-6.2587,54.4915],[-6.2451,54.4916],[-6.2298,54.4956],[-6.2086,54.4901],[-6.2003,54.4834],[-6.181,54.4773],[-6.1704,54.4802],[-6.1643,54.4794],[-6.1429,54.4861],[-6.1344,54.496],[-6.1122,54.4949],[-6.0967,54.5008],[-6.0746,54.506],[-6.067,54.5045],[-6.0587,54.4975],[-6.051,54.4987],[-6.0417,54.5045],[-6.0277,54.5044],[-6.0189,54.5118],[-6.0215,54.5187],[-6.0272,54.5248],[-6.0224,54.5296],[-6.0152,54.5304],[-6.0126,54.5356],[-5.9979,54.5423],[-5.9891,54.5415],[-5.9875,54.5374],[-5.9733,54.5313],[-5.9603,54.5381],[-5.966,54.5424],[-5.9647,54.5474],[-5.9382,54.5579],[-5.9346,54.5633],[-5.9269,54.5648],[-5.9255,54.5697],[-5.9309,54.5754],[-5.9279,54.58],[-5.9206,54.5832],[-5.9192,54.5908],[-5.9129,54.5963],[-5.9203,54.5991],[-5.9166,54.606],[-5.8942,54.6227],[-5.8725,54.6373],[-5.855,54.6341],[-5.8465,54.6405],[-5.8301,54.6452],[-5.8225,54.6517],[-5.7984,54.6612],[-5.7866,54.6629],[-5.7468,54.6751],[-5.7386,54.6742],[-5.7233,54.6683],[-5.7137,54.667],[-5.6977,54.6684],[-5.6901,54.6663],[-5.6793,54.6688],[-5.6683,54.6656],[-5.6563,54.6709],[-5.652,54.6657],[-5.6422,54.6661],[-5.6343,54.672],[-5.6378,54.6776],[-5.6282,54.6804],[-5.6248,54.6779],[-5.6098,54.675],[-5.5972,54.6779],[-5.5911,54.6744],[-5.5843,54.6779],[-5.5769,54.6756],[-5.573,54.6679],[-5.5528,54.6556],[-5.5419,54.6544],[-5.5378,54.6436],[-5.5292,54.6419],[-5.5294,54.635],[-5.5338,54.6219],[-5.52,54.5958],[-5.5044,54.5887],[-5.503,54.581],[-5.4972,54.5769],[-5.4892,54.5763],[-5.4773,54.5639],[-5.4778,54.5582],[-5.486,54.547],[-5.4812,54.5336],[-5.4702,54.5263],[-5.4713,54.5163],[-5.4683,54.5143],[-5.4638,54.4985],[-5.4564,54.4935],[-5.4414,54.4891],[-5.4333,54.4848],[-5.4383,54.4816],[-5.4422,54.4743],[-5.4367,54.4719],[-5.4365,54.4643],[-5.441,54.454],[-5.4506,54.4501],[-5.4522,54.4429],[-5.4778,54.432],[-5.4797,54.4267],[-5.4726,54.4236],[-5.4719,54.4188],[-5.464,54.4145],[-5.4643,54.3968],[-5.4578,54.3937],[-5.4631,54.3834],[-5.4794,54.3846],[-5.4894,54.3756],[-5.4876,54.3715],[-5.4928,54.3671],[-5.4801,54.3615],[-5.4817,54.3565],[-5.4901,54.3573],[-5.4946,54.3462],[-5.4986,54.3434],[-5.4982,54.333],[-5.5043,54.3317],[-5.5106,54.3375],[-5.5127,54.3438],[-5.5265,54.343],[-5.5307,54.3543],[-5.5281,54.3594],[-5.5407,54.365],[-5.5392,54.3693],[-5.5485,54.3803],[-5.5546,54.3826],[-5.5604,54.3894],[-5.57,54.3907],[-5.5791,54.3997],[-5.5793,54.4081],[-5.5726,54.4187],[-5.5653,54.425],[-5.5648,54.4297],[-5.5569,54.4294],[-5.5488,54.435],[-5.5458,54.4276],[-5.5381,54.4278],[-5.5476,54.437],[-5.5401,54.437],[-5.532,54.4535],[-5.5406,54.4616],[-5.5381,54.4682],[-5.5416,54.4751],[-5.5424,54.4872],[-5.5367,54.4896],[-5.5402,54.4959],[-5.5467,54.4961],[-5.5463,54.5038],[-5.5533,54.5108],[-5.5507,54.5185],[-5.5554,54.5197],[-5.5573,54.5291],[-5.5624,54.534],[-5.5824,54.5327],[-5.5883,54.5404],[-5.5947,54.5407],[-5.5954,54.5485],[-5.6051,54.5491],[-5.6138,54.5584],[-5.639,54.5617],[-5.6402,54.5649],[-5.656,54.5686],[-5.6793,54.5833],[-5.6857,54.5823],[-5.6999,54.5641],[-5.6973,54.5555],[-5.6977,54.5464],[-5.7085,54.5442],[-5.7176,54.5377],[-5.7079,54.5372],[-5.7026,54.5343],[-5.687,54.5307],[-5.6885,54.528],[-5.6778,54.5203],[-5.6718,54.5222],[-5.6656,54.5185],[-5.6632,54.5127],[-5.6751,54.5104],[-5.6783,54.4996],[-5.6681,54.492],[-5.6582,54.4978],[-5.6485,54.4895],[-5.6536,54.4838],[-5.645,54.4813],[-5.6504,54.4769],[-5.6462,54.4721],[-5.6476,54.4666],[-5.6393,54.4644],[-5.645,54.4542],[-5.6356,54.4519],[-5.6344,54.4399],[-5.629,54.4346],[-5.6422,54.4308],[-5.6439,54.4148],[-5.6407,54.4089],[-5.6412,54.4005],[-5.6503,54.3883],[-5.6652,54.3821],[-5.6708,54.377],[-5.6848,54.3724],[-5.6732,54.3674],[-5.664,54.3656],[-5.6309,54.3722],[-5.6147,54.3794],[-5.6046,54.3769],[-5.5969,54.3822],[-5.5883,54.3842],[-5.5828,54.382],[-5.5706,54.3814],[-5.5724,54.3762],[-5.5666,54.3639],[-5.5611,54.3678],[-5.5659,54.3715],[-5.5632,54.376],[-5.5505,54.3695],[-5.5518,54.3596],[-5.5478,54.3515],[-5.5487,54.3464],[-5.5408,54.3388],[-5.5439,54.3311],[-5.5399,54.3287],[-5.5424,54.3199],[-5.5231,54.3134],[-5.5262,54.3098],[-5.5376,54.3127],[-5.5414,54.3082],[-5.5492,54.3072],[-5.5627,54.2838],[-5.5687,54.2811],[-5.575,54.2738],[-5.5855,54.2708],[-5.588,54.2656],[-5.6019,54.2567],[-5.6088,54.2485],[-5.6168,54.2456],[-5.6204,54.2548],[-5.6376,54.2618],[-5.645,54.2573],[-5.6406,54.2542],[-5.6365,54.2443],[-5.6427,54.2403],[-5.6481,54.2318],[-5.6573,54.2262],[-5.6627,54.2261],[-5.6665,54.2351],[-5.6749,54.2422],[-5.6789,54.2488],[-5.6946,54.2514],[-5.7137,54.2496],[-5.7279,54.2532],[-5.7458,54.252],[-5.7633,54.246],[-5.7777,54.2445],[-5.7861,54.2459],[-5.8147,54.2419],[-5.8236,54.2434],[-5.824,54.247],[-5.8319,54.254],[-5.818,54.2572],[-5.8154,54.2613],[-5.8201,54.2722],[-5.8161,54.2789],[-5.8276,54.2781],[-5.8284,54.2697],[-5.8346,54.2667],[-5.8405,54.257],[-5.8591,54.2514],[-5.8541,54.2441],[-5.8465,54.2503],[-5.8332,54.2513],[-5.8278,54.2458],[-5.8324,54.2393],[-5.8666,54.2247],[-5.8885,54.2113],[-5.8919,54.2063],[-5.8908,54.2011],[-5.8764,54.1891],[-5.8721,54.1764],[-5.8717,54.1654],[-5.8786,54.1481],[-5.8882,54.136],[-5.8898,54.1304],[-5.8857,54.1215],[-5.8924,54.1179],[-5.8926,54.1117],[-5.897,54.1049],[-5.9069,54.0993],[-5.9445,54.0805],[-5.9579,54.0723],[-5.9576,54.0681],[-5.9637,54.0621],[-5.9879,54.0588],[-5.9986,54.0557],[-6.0074,54.0505],[-6.0137,54.0419],[-6.0405,54.0327],[-6.0557,54.0264],[-6.0677,54.0289],[-6.0815,54.0295],[-6.0866,54.0352],[-6.104,54.0401],[-6.0975,54.0486],[-6.0864,54.0474],[-6.0785,54.0516],[-6.0869,54.0584],[-6.0978,54.0636],[-6.1113,54.0621],[-6.1226,54.0657],[-6.1345,54.0648],[-6.1383,54.0618],[-6.1482,54.0653],[-6.1568,54.0649],[-6.1675,54.0676],[-6.1789,54.0743],[-6.1901,54.0853],[-6.1907,54.0939],[-6.2033,54.0989],[-6.2127,54.0983],[-6.2343,54.1014],[-6.2508,54.0972],[-6.2653,54.1018],[-6.2799,54.1115],[-6.2909,54.1127],[-6.3027,54.1232],[-6.3192,54.1463],[-6.3346,54.1594],[-6.3383,54.1651],[-6.3488,54.1716],[-6.3505,54.1844],[-6.3348,54.185],[-6.3375,54.1904],[-6.3472,54.1949],[-6.3537,54.215],[-6.3648,54.2266],[-6.3617,54.2312],[-6.3696,54.2379],[-6.3693,54.2439],[-6.3736,54.246],[-6.3622,54.2555],[-6.3604,54.2612],[-6.3664,54.2697],[-6.3543,54.2742],[-6.3582,54.282],[-6.3715,54.2918],[-6.3692,54.3041],[-6.3607,54.3125],[-6.3635,54.3167],[-6.3653,54.3328],[-6.3626,54.3408],[-6.369,54.3489],[-6.3753,54.3512],[-6.378,54.3587],[-6.3839,54.3655],[-6.3846,54.3713],[-6.3933,54.3789],[-6.3945,54.3858],[-6.4003,54.393],[-6.3916,54.3969],[-6.3875,54.4022],[-6.3798,54.4029],[-6.3762,54.4077],[-6.379,54.4119],[-6.3738,54.419],[-6.3789,54.4228],[-6.3716,54.4279],[-6.3551,54.4328],[-6.3419,54.4435],[-6.3336,54.4467],[-6.3183,54.4439],[-6.3082,54.4441],[-6.3023,54.4493],[-6.3092,54.4512],[-6.3106,54.4607],[-6.3022,54.4652],[-6.2984,54.4798],[-6.2995,54.4893],[-6.3231,54.4961],[-6.334,54.4974],[-6.3316,54.5024],[-6.3369,54.5055],[-6.357,54.5093]]],[[[-5.5452,54.6728],[-5.5448,54.6778],[-5.5343,54.6817],[-5.5215,54.6765],[-5.5207,54.6706],[-5.5308,54.6697],[-5.5389,54.6745],[-5.5452,54.6728]]],[[[-5.6313,54.4427],[-5.6284,54.4497],[-5.6203,54.4534],[-5.6167,54.4479],[-5.6313,54.4427]]]]},"properties":{"stroke":"#000000","stroke-opacity":0.5,"stroke-width":1,"fill":"#000000","fill-opacity":0.5,"OSM_ID":-1119533,"NAME_TAG":"Down","NAME_GA":"Contae an D\u00fan","NAME_EN":"County Down","ALT_NAME":null,"ALT_NAME_G":null,"LOGAINM_RE":"100012","OSM_USER":"Polarbear","OSM_TIMEST":"2010-08-10 18:28:47+02","ATTRIBUTIO":null,"T_IE_URL":"http://www.townlands.ie/down","AREA":2498246086.90628,"LATITUDE":54.3623802411455,"LONGITUDE":-5.94036014966113,"EPOCH_TSTM":1281457727}},{"type":"Feature","geometry":{"type":"Polygon","coordinates":[[[-8.4803,52.7572],[-8.469,52.7676],[-8.462,52.7771],[-8.4429,52.7865],[-8.4373,52.7969],[-8.4375,52.8072],[-8.4484,52.8114],[-8.449,52.8205],[-8.4519,52.8243],[-8.4554,52.847],[-8.4245,52.8679],[-8.4188,52.8755],[-8.4075,52.9126],[-8.3673,52.9165],[-8.3385,52.9152],[-8.3133,52.9353],[-8.3081,52.949],[-8.2899,52.961],[-8.2824,52.9705],[-8.2844,52.9725],[-8.3097,52.9769],[-8.3168,52.9852],[-8.3016,53.0076],[-8.2784,53.0187],[-8.2689,53.0368],[-8.2679,53.056],[-8.2496,53.063],[-8.2189,53.0677],[-8.2136,53.0784],[-8.1998,53.0836],[-8.1976,53.0895],[-8.1856,53.0987],[-8.1746,53.1112],[-8.1688,53.1141],[-8.1724,53.121],[-8.1653,53.1261],[-8.1614,53.1345],[-8.1562,53.1358],[-8.1463,53.1426],[-8.148,53.1452],[-8.1251,53.1596],[-8.1174,53.1608],[-8.1042,53.1599],[-8.0847,53.1628],[-8.0814,53.167],[-8.0576,53.1571],[-8.055,53.1539],[-8.0191,53.1475],[-8.0089,53.144],[-8.0016,53.1382],[-7.9946,53.1391],[-7.9777,53.1343],[-7.9743,53.1291],[-7.9552,53.1253],[-7.9416,53.1186],[-7.936,53.1097],[-7.9299,53.1094],[-7.9205,53.1042],[-7.9282,53.097],[-7.9203,53.0892],[-7.9222,53.0823],[-7.9282,53.0787],[-7.9267,53.0689],[-7.934,53.0609],[-7.9359,53.0468],[-7.9432,53.0437],[-7.9544,53.0466],[-7.9634,53.0422],[-7.9565,53.0346],[-7.9622,53.0311],[-7.9637,53.0251],[-7.9599,53.0208],[-7.9632,53.0169],[-7.9601,53.0064],[-7.9528,53.0022],[-7.9499,52.9954],[-7.9609,52.9927],[-7.9788,52.9977],[-7.9928,52.9988],[-8.0044,52.9923],[-8.0082,52.9842],[-7.9873,52.9724],[-7.988,52.9656],[-7.975,52.9505],[-7.9855,52.9462],[-7.9842,52.9386],[-7.993,52.931],[-8.0127,52.928],[-8.043,52.9395],[-8.0551,52.928],[-8.0475,52.9192],[-8.038,52.9117],[-8.0431,52.903],[-8.0396,52.8892],[-8.0256,52.8905],[-7.9998,52.8815],[-7.9873,52.8792],[-7.9937,52.8735],[-7.9959,52.8626],[-7.9889,52.8556],[-7.9786,52.8494],[-7.9694,52.8482],[-7.9602,52.8538],[-7.964,52.8571],[-7.945,52.8664],[-7.9459,52.8807],[-7.9613,52.8908],[-7.9563,52.8942],[-7.9391,52.8883],[-7.9347,52.884],[-7.9324,52.8762],[-7.9253,52.877],[-7.9123,52.8843],[-7.9188,52.8932],[-7.8958,52.8931],[-7.8938,52.897],[-7.8846,52.8989],[-7.8924,52.9057],[-7.8791,52.9101],[-7.8741,52.9136],[-7.8606,52.9161],[-7.8713,52.9237],[-7.8607,52.9263],[-7.8446,52.9327],[-7.85,52.9399],[-7.8627,52.9427],[-7.8646,52.9565],[-7.8451,52.9554],[-7.8446,52.9591],[-7.8241,52.9683],[-7.8258,52.9741],[-7.8023,52.9817],[-7.7933,52.9782],[-7.7909,52.9702],[-7.7819,52.9715],[-7.7703,52.9707],[-7.7596,52.9663],[-7.7593,52.9609],[-7.7473,52.9626],[-7.7305,52.9575],[-7.7304,52.9527],[-7.7227,52.9442],[-7.7114,52.9421],[-7.7021,52.9341],[-7.6855,52.9331],[-7.6789,52.9349],[-7.6602,52.9339],[-7.6659,52.9213],[-7.6759,52.9154],[-7.6845,52.9149],[-7.6921,52.9114],[-7.7068,52.901],[-7.7089,52.8914],[-7.7244,52.8888],[-7.7173,52.8652],[-7.7345,52.8584],[-7.7322,52.852],[-7.7192,52.8416],[-7.7164,52.8374],[-7.6971,52.8319],[-7.6947,52.8247],[-7.6886,52.8159],[-7.6891,52.8081],[-7.6802,52.8055],[-7.6788,52.7943],[-7.674,52.7813],[-7.6711,52.7776],[-7.6673,52.7609],[-7.6683,52.7541],[-7.655,52.7475],[-7.6461,52.7352],[-7.6478,52.7322],[-7.626,52.7336],[-7.6089,52.7211],[-7.5951,52.7203],[-7.5923,52.7157],[-7.5817,52.7112],[-7.5696,52.7084],[-7.5477,52.7005],[-7.5469,52.6947],[-7.5363,52.6895],[-7.5334,52.6832],[-7.5355,52.679],[-7.52,52.6621],[-7.521,52.6548],[-7.5122,52.6469],[-7.5085,52.6409],[-7.4931,52.6301],[-7.475,52.616],[-7.4763,52.6073],[-7.4812,52.6028],[-7.4758,52.5907],[-7.4513,52.581],[-7.4574,52.5668],[-7.4591,52.5579],[-7.4528,52.5576],[-7.4564,52.5398],[-7.4585,52.5357],[-7.4571,52.5231],[-7.4502,52.5163],[-7.4533,52.5108],[-7.4433,52.5105],[-7.4325,52.5183],[-7.42,52.5108],[-7.4304,52.4976],[-7.4561,52.4842],[-7.4594,52.477],[-7.4679,52.4723],[-7.4609,52.4658],[-7.441,52.4659],[-7.4411,52.4595],[-7.4293,52.4531],[-7.423,52.452],[-7.4198,52.4433],[-7.4035,52.4343],[-7.4002,52.428],[-7.3912,52.4286],[-7.3823,52.4201],[-7.3855,52.4104],[-7.3931,52.3986],[-7.3935,52.3926],[-7.3882,52.3839],[-7.397,52.3642],[-7.3886,52.3567],[-7.376,52.3502],[-7.3721,52.3431],[-7.3751,52.3403],[-7.374,52.3335],[-7.3939,52.3349],[-7.4159,52.3413],[-7.4198,52.3389],[-7.437,52.3397],[-7.4379,52.3475],[-7.4465,52.3497],[-7.4832,52.3513],[-7.5085,52.3554],[-7.5152,52.3588],[-7.5328,52.3606],[-7.544,52.3598],[-7.5507,52.3617],[-7.5709,52.3583],[-7.5968,52.3639],[-7.6082,52.3621],[-7.6215,52.3624],[-7.6311,52.3582],[-7.6529,52.3572],[-7.663,52.359],[-7.6733,52.3563],[-7.6789,52.3527],[-7.692,52.3491],[-7.7159,52.3455],[-7.7167,52.3498],[-7.7373,52.3474],[-7.7377,52.3445],[-7.752,52.341],[-7.7615,52.3425],[-7.7811,52.343],[-7.7898,52.3393],[-7.7866,52.3332],[-7.7931,52.3287],[-7.7902,52.319],[-7.7964,52.3013],[-7.7934,52.2914],[-7.7831,52.2809],[-7.7849,52.2773],[-7.7716,52.2722],[-7.763,52.2711],[-7.7623,52.2658],[-7.7479,52.2513],[-7.7462,52.244],[-7.7528,52.234],[-7.749,52.2273],[-7.7459,52.2164],[-7.7568,52.2152],[-7.768,52.2187],[-7.7742,52.2177],[-7.7854,52.2213],[-7.7974,52.2211],[-7.8076,52.2126],[-7.8121,52.2129],[-7.8202,52.2213],[-7.8507,52.2275],[-7.8571,52.2241],[-7.8656,52.2243],[-7.8761,52.2275],[-7.8919,52.2249],[-7.906,52.2283],[-7.9158,52.2279],[-7.9225,52.2343],[-7.9306,52.236],[-7.941,52.2429],[-7.9723,52.2424],[-7.98,52.2378],[-7.989,52.2429],[-7.9928,52.2281],[-7.9963,52.2258],[-7.9948,52.217],[-7.9903,52.2091],[-8.0029,52.2021],[-8.0113,52.2038],[-8.0209,52.2083],[-8.0319,52.2071],[-8.0519,52.2075],[-8.0602,52.2088],[-8.0796,52.2059],[-8.1048,52.2064],[-8.107,52.2156],[-8.1023,52.2311],[-8.1132,52.2314],[-8.1514,52.2386],[-8.1609,52.2419],[-8.1609,52.249],[-8.1655,52.2598],[-8.1627,52.2656],[-8.1694,52.2665],[-8.1639,52.274],[-8.1652,52.2777],[-8.1766,52.2767],[-8.1833,52.2876],[-8.1688,52.2917],[-8.1599,52.2991],[-8.1656,52.3067],[-8.1633,52.3137],[-8.1672,52.3207],[-8.1785,52.3228],[-8.183,52.3302],[-8.1821,52.3341],[-8.1665,52.3458],[-8.168,52.3498],[-8.1648,52.364],[-8.1681,52.3679],[-8.1931,52.3638],[-8.2034,52.3697],[-8.2147,52.3651],[-8.2178,52.3784],[-8.2282,52.3858],[-8.2263,52.4042],[-8.2316,52.4107],[-8.2595,52.4082],[-8.2713,52.4022],[-8.2813,52.4011],[-8.2839,52.4143],[-8.2948,52.4201],[-8.3095,52.42],[-8.3143,52.4361],[-8.3306,52.4403],[-8.3506,52.4336],[-8.3598,52.4391],[-8.3661,52.4455],[-8.3776,52.4416],[-8.3807,52.4357],[-8.3862,52.4328],[-8.3939,52.4412],[-8.3993,52.4509],[-8.4049,52.4655],[-8.3984,52.47],[-8.3898,52.4724],[-8.3913,52.48],[-8.396,52.4842],[-8.3913,52.4907],[-8.3729,52.4944],[-8.3664,52.498],[-8.3672,52.5023],[-8.3599,52.5054],[-8.3603,52.5108],[-8.3456,52.5132],[-8.3354,52.5128],[-8.3387,52.4997],[-8.3315,52.4938],[-8.338,52.487],[-8.3301,52.4805],[-8.3241,52.4812],[-8.3193,52.4894],[-8.3186,52.5059],[-8.3112,52.5107],[-8.3038,52.5087],[-8.2899,52.5143],[-8.2857,52.5215],[-8.2717,52.5171],[-8.2587,52.5199],[-8.2544,52.5099],[-8.2404,52.5123],[-8.2307,52.5168],[-8.2261,52.526],[-8.2284,52.5329],[-8.2326,52.5359],[-8.2313,52.5451],[-8.2283,52.5482],[-8.2332,52.5628],[-8.226,52.5676],[-8.2255,52.5744],[-8.2353,52.5822],[-8.2337,52.586],[-8.2142,52.595],[-8.2091,52.6021],[-8.2102,52.6074],[-8.2165,52.609],[-8.2193,52.6174],[-8.213,52.6231],[-8.2118,52.6287],[-8.215,52.6328],[-8.1956,52.6439],[-8.1944,52.6499],[-8.1977,52.6553],[-8.1881,52.6682],[-8.216,52.6708],[-8.2305,52.6643],[-8.2335,52.6676],[-8.2544,52.6702],[-8.2531,52.6825],[-8.2814,52.6919],[-8.2847,52.6945],[-8.3062,52.6942],[-8.3376,52.6872],[-8.3609,52.6796],[-8.3699,52.6838],[-8.3848,52.6814],[-8.3866,52.6867],[-8.396,52.6896],[-8.407,52.69],[-8.4276,52.6779],[-8.4403,52.6858],[-8.4495,52.6867],[-8.4555,52.6918],[-8.4573,52.6987],[-8.4662,52.6975],[-8.4651,52.7038],[-8.469,52.7105],[-8.4697,52.739],[-8.4753,52.7469],[-8.4761,52.7535],[-8.4803,52.7572]]]},"properties":{"stroke":"#000000","stroke-opacity":0.5,"stroke-width":1,"fill":"#0000FF","fill-opacity":0.5,"OSM_ID":-334372,"NAME_TAG":"Tipperary","NAME_GA":"Contae Thiobraid \u00c1rann","NAME_EN":"County Tipperary","ALT_NAME":null,"ALT_NAME_G":null,"LOGAINM_RE":"100029","OSM_USER":"Polarbear","OSM_TIMEST":"2009-11-22 22:27:41+01","ATTRIBUTIO":null,"T_IE_URL":"http://www.townlands.ie/tipperary","AREA":4305196662.62,"LATITUDE":52.6433140996745,"LONGITUDE":-7.95796422303277,"EPOCH_TSTM":1258925261}},{"type":"Feature","geometry":{"type":"Polygon","coordinates":[[[-6.4752,53.2343],[-6.46,53.2256],[-6.4557,53.231],[-6.4197,53.2313],[-6.414,53.2195],[-6.4057,53.2172],[-6.4013,53.2113],[-6.3758,53.216],[-6.3683,53.2138],[-6.3746,53.1925],[-6.3472,53.1809],[-6.3319,53.1783],[-6.3122,53.1945],[-6.3082,53.2103],[-6.3084,53.2186],[-6.3047,53.2246],[-6.2921,53.2229],[-6.2757,53.211],[-6.2592,53.2049],[-6.2396,53.2022],[-6.2273,53.2054],[-6.2268,53.209],[-6.2193,53.2123],[-6.2104,53.2104],[-6.2073,53.216],[-6.1951,53.2165],[-6.1823,53.221],[-6.1732,53.2092],[-6.1622,53.2028],[-6.1467,53.2032],[-6.1361,53.1991],[-6.1291,53.2007],[-6.1262,53.2075],[-6.1143,53.2079],[-6.1032,53.2107],[-6.0926,53.1972],[-6.0795,53.1919],[-6.0744,53.1743],[-6.0762,53.1633],[-6.0707,53.1547],[-6.0595,53.1477],[-6.0578,53.1415],[-6.0478,53.13],[-6.0426,53.1208],[-6.0405,53.1045],[-6.0378,53.0951],[-6.0348,53.0723],[-6.0469,53.0372],[-6.0499,53.0202],[-6.0503,53.0051],[-6.0545,52.991],[-6.0402,52.9806],[-6.0321,52.9815],[-6.0218,52.9765],[-6.0209,52.9728],[-6.0081,52.9721],[-6,52.9662],[-5.9997,52.9612],[-6.0136,52.9524],[-6.0178,52.934],[-6.0234,52.9298],[-6.0211,52.9252],[-6.031,52.9226],[-6.0385,52.9156],[-6.0388,52.899],[-6.0496,52.8929],[-6.0557,52.8864],[-6.0655,52.8706],[-6.0638,52.8646],[-6.0574,52.8581],[-6.0902,52.8469],[-6.1052,52.8386],[-6.1164,52.826],[-6.1203,52.8157],[-6.127,52.8124],[-6.141,52.8012],[-6.1393,52.7926],[-6.146,52.7843],[-6.1422,52.7783],[-6.1473,52.7654],[-6.1406,52.7555],[-6.1411,52.7508],[-6.1479,52.7444],[-6.1445,52.7377],[-6.156,52.738],[-6.1634,52.7406],[-6.1652,52.7451],[-6.1743,52.748],[-6.1759,52.7555],[-6.168,52.7662],[-6.1797,52.7677],[-6.1978,52.768],[-6.2085,52.7764],[-6.2139,52.7773],[-6.2197,52.7724],[-6.2256,52.7782],[-6.2428,52.7783],[-6.2543,52.7905],[-6.261,52.795],[-6.2744,52.7915],[-6.2918,52.7818],[-6.303,52.7841],[-6.3175,52.7975],[-6.3343,52.7964],[-6.3397,52.7903],[-6.349,52.7908],[-6.3576,52.7942],[-6.3679,52.7953],[-6.3882,52.7847],[-6.3956,52.7886],[-6.4058,52.7836],[-6.4155,52.7755],[-6.4136,52.7682],[-6.4175,52.7618],[-6.4172,52.7553],[-6.4258,52.7534],[-6.4323,52.7547],[-6.4327,52.7351],[-6.4609,52.7186],[-6.4732,52.7147],[-6.4717,52.7099],[-6.4974,52.6903],[-6.5068,52.6891],[-6.522,52.6844],[-6.5328,52.686],[-6.5357,52.683],[-6.5585,52.6851],[-6.5656,52.682],[-6.5706,52.6851],[-6.5687,52.6903],[-6.5704,52.7009],[-6.5744,52.7048],[-6.5886,52.7006],[-6.5973,52.7018],[-6.599,52.7103],[-6.6063,52.7102],[-6.6128,52.7138],[-6.6199,52.7086],[-6.6195,52.7143],[-6.6336,52.7314],[-6.6542,52.7461],[-6.6457,52.7516],[-6.6462,52.7549],[-6.6541,52.7614],[-6.6571,52.7689],[-6.6677,52.7705],[-6.6755,52.7787],[-6.6802,52.7799],[-6.6924,52.7761],[-6.7123,52.7783],[-6.7032,52.7858],[-6.704,52.7943],[-6.6964,52.7963],[-6.6972,52.8029],[-6.7024,52.8037],[-6.6952,52.8116],[-6.6842,52.8154],[-6.6725,52.8163],[-6.6679,52.8215],[-6.6739,52.8285],[-6.6647,52.8362],[-6.6541,52.8344],[-6.6445,52.8281],[-6.6385,52.8296],[-6.6247,52.8225],[-6.6275,52.8182],[-6.6156,52.8078],[-6.6083,52.8087],[-6.5871,52.8035],[-6.584,52.8067],[-6.5709,52.8029],[-6.5606,52.8113],[-6.5649,52.8149],[-6.5346,52.8216],[-6.5236,52.8215],[-6.5288,52.8308],[-6.5226,52.8374],[-6.5254,52.8498],[-6.5237,52.8595],[-6.5266,52.8659],[-6.508,52.8677],[-6.5092,52.8715],[-6.505,52.8776],[-6.5083,52.8803],[-6.5347,52.8897],[-6.5431,52.8824],[-6.5434,52.8771],[-6.5501,52.8753],[-6.5624,52.8805],[-6.5724,52.8811],[-6.5868,52.8796],[-6.5917,52.8975],[-6.6088,52.9005],[-6.6109,52.8975],[-6.6323,52.9034],[-6.65,52.9002],[-6.6566,52.9075],[-6.6734,52.9097],[-6.677,52.9052],[-6.6931,52.9054],[-6.6925,52.9091],[-6.7009,52.9115],[-6.7121,52.918],[-6.7211,52.9142],[-6.7373,52.9158],[-6.7305,52.9265],[-6.7336,52.9327],[-6.7401,52.9352],[-6.7367,52.9411],[-6.7424,52.9481],[-6.7616,52.9594],[-6.7717,52.9688],[-6.779,52.9782],[-6.7874,52.9769],[-6.7919,52.9864],[-6.7923,52.9921],[-6.7871,52.9996],[-6.7745,53.004],[-6.7661,53.0087],[-6.7763,53.0136],[-6.7721,53.0226],[-6.7574,53.0251],[-6.7372,53.0403],[-6.7317,53.0466],[-6.7296,53.0594],[-6.7333,53.0651],[-6.7263,53.0663],[-6.7178,53.0716],[-6.7075,53.0743],[-6.7029,53.0724],[-6.6835,53.0776],[-6.681,53.0815],[-6.6679,53.0823],[-6.6633,53.0863],[-6.652,53.0911],[-6.6292,53.0921],[-6.6243,53.1046],[-6.6105,53.1022],[-6.5981,53.1091],[-6.598,53.1129],[-6.5908,53.1196],[-6.5863,53.1185],[-6.5755,53.1276],[-6.5655,53.1321],[-6.5734,53.1351],[-6.5763,53.1493],[-6.5628,53.1562],[-6.5535,53.1576],[-6.5498,53.1628],[-6.54,53.1672],[-6.5554,53.1744],[-6.5617,53.18],[-6.5558,53.1856],[-6.5313,53.1903],[-6.5198,53.1864],[-6.5041,53.2],[-6.4999,53.2051],[-6.5093,53.2094],[-6.5087,53.2144],[-6.5007,53.2175],[-6.497,53.2225],[-6.4814,53.2286],[-6.4752,53.2343]]]},"properties":{"stroke":"#000000","stroke-opacity":0.5,"stroke-width":1,"fill":"#0000FF","fill-opacity":0.5,"OSM_ID":-282760,"NAME_TAG":"Wicklow","NAME_GA":"Contae Chill Mhant\u00e1in","NAME_EN":"County Wicklow","ALT_NAME":null,"ALT_NAME_G":null,"LOGAINM_RE":"100008","OSM_USER":"mackerski","OSM_TIMEST":"2009-10-07 00:47:48+02","ATTRIBUTIO":null,"T_IE_URL":"http://www.townlands.ie/wicklow","AREA":2023714040.44843,"LATITUDE":52.9788770897286,"LONGITUDE":-6.37272708518438,"EPOCH_TSTM":1254869268}},{"type":"Feature","geometry":{"type":"Polygon","coordinates":[[[-7.9467,54.3045],[-7.9187,54.3031],[-7.9151,54.297],[-7.9059,54.2967],[-7.9017,54.3014],[-7.8883,54.3005],[-7.8813,54.2921],[-7.8742,54.2947],[-7.8619,54.2934],[-7.8707,54.2882],[-7.8731,54.2806],[-7.8723,54.266],[-7.8605,54.2605],[-7.8621,54.2527],[-7.8589,54.2431],[-7.86,54.2295],[-7.8558,54.2237],[-7.8621,54.2187],[-7.8391,54.2094],[-7.8117,54.2007],[-7.8037,54.2071],[-7.7624,54.2074],[-7.7482,54.2093],[-7.7447,54.2044],[-7.7314,54.2048],[-7.7103,54.2032],[-7.7019,54.2078],[-7.6944,54.2043],[-7.6795,54.1925],[-7.6766,54.182],[-7.6687,54.1838],[-7.6645,54.188],[-7.6565,54.1858],[-7.6458,54.1762],[-7.6303,54.1703],[-7.6253,54.1654],[-7.6254,54.1532],[-7.6127,54.1478],[-7.6104,54.1438],[-7.592,54.1399],[-7.5738,54.141],[-7.5755,54.1346],[-7.5692,54.1329],[-7.5658,54.1266],[-7.5463,54.127],[-7.5313,54.1332],[-7.5231,54.1334],[-7.5197,54.1298],[-7.5095,54.13],[-7.4906,54.1231],[-7.4788,54.1224],[-7.4718,54.1274],[-7.4686,54.1403],[-7.4553,54.1441],[-7.4419,54.1541],[-7.4312,54.1521],[-7.4266,54.1548],[-7.4091,54.1564],[-7.4145,54.1467],[-7.4246,54.1417],[-7.4183,54.1368],[-7.4,54.1409],[-7.3804,54.1354],[-7.393,54.1264],[-7.3811,54.1239],[-7.3696,54.1311],[-7.3631,54.1315],[-7.3517,54.1239],[-7.3471,54.1173],[-7.335,54.1173],[-7.3288,54.1227],[-7.3199,54.1135],[-7.3211,54.1088],[-7.3142,54.1056],[-7.3075,54.1091],[-7.3011,54.1062],[-7.2933,54.1078],[-7.2735,54.1007],[-7.2627,54.0932],[-7.2583,54.0963],[-7.2458,54.0928],[-7.2324,54.0966],[-7.2234,54.1024],[-7.2184,54.0982],[-7.2019,54.0924],[-7.1911,54.0924],[-7.1782,54.0878],[-7.1669,54.0893],[-7.1609,54.0842],[-7.1501,54.0821],[-7.134,54.0886],[-7.1331,54.0922],[-7.1182,54.0956],[-7.1011,54.0938],[-7.0865,54.0818],[-7.0784,54.0889],[-7.0684,54.0921],[-7.0547,54.0935],[-7.0507,54.0997],[-7.0443,54.1011],[-7.035,54.0969],[-7.0178,54.0986],[-7.0141,54.0927],[-7.0293,54.0878],[-7.0238,54.0781],[-7.0111,54.077],[-7.002,54.0647],[-6.9864,54.0619],[-6.9797,54.05],[-6.9675,54.0458],[-6.9663,54.0401],[-6.9533,54.0393],[-6.9397,54.0335],[-6.935,54.019],[-6.9259,54.0139],[-6.9103,54.0157],[-6.9013,54.0088],[-6.8968,54.0123],[-6.8889,54.0117],[-6.8908,54.0032],[-6.8755,53.9978],[-6.8801,53.9926],[-6.8641,53.9879],[-6.867,53.9835],[-6.86,53.9769],[-6.8577,53.9689],[-6.8521,53.9614],[-6.8442,53.9597],[-6.8361,53.942],[-6.8279,53.9328],[-6.8116,53.9317],[-6.8071,53.928],[-6.7976,53.9289],[-6.7835,53.9261],[-6.7778,53.9278],[-6.7619,53.9175],[-6.7689,53.9107],[-6.7793,53.9162],[-6.7896,53.8997],[-6.7834,53.8976],[-6.7853,53.8899],[-6.7938,53.8866],[-6.8003,53.8907],[-6.8133,53.892],[-6.8094,53.8963],[-6.817,53.8983],[-6.8464,53.8886],[-6.8401,53.8824],[-6.8448,53.879],[-6.8622,53.8757],[-6.8774,53.8775],[-6.8848,53.8807],[-6.8968,53.8809],[-6.907,53.8872],[-6.9241,53.8928],[-6.9342,53.8912],[-6.9327,53.8812],[-6.9272,53.8791],[-6.9307,53.8721],[-6.9566,53.8637],[-6.9663,53.8701],[-6.9747,53.871],[-6.9661,53.8609],[-6.9725,53.857],[-6.9673,53.8531],[-6.9632,53.8438],[-6.9552,53.8452],[-6.9512,53.8349],[-6.9334,53.8275],[-6.9303,53.8229],[-6.9169,53.816],[-6.9135,53.8104],[-6.9217,53.8015],[-6.9335,53.8029],[-6.9401,53.7984],[-6.942,53.7893],[-6.9315,53.7863],[-6.9407,53.7807],[-6.9514,53.7816],[-6.9558,53.7871],[-6.9632,53.7911],[-6.973,53.7851],[-6.971,53.7777],[-6.9815,53.7726],[-6.9908,53.7755],[-7.0009,53.7729],[-7.0006,53.7664],[-7.0127,53.7693],[-7.0209,53.769],[-7.0378,53.7767],[-7.0485,53.7728],[-7.0667,53.7724],[-7.0808,53.7757],[-7.0914,53.7742],[-7.105,53.7766],[-7.1073,53.7893],[-7.1155,53.7932],[-7.1234,53.7938],[-7.1277,53.7905],[-7.1358,53.7939],[-7.1414,53.7993],[-7.1521,53.8012],[-7.1595,53.795],[-7.1716,53.7958],[-7.1741,53.7923],[-7.185,53.7888],[-7.1939,53.7947],[-7.2059,53.7876],[-7.2126,53.7856],[-7.2144,53.7789],[-7.2194,53.7738],[-7.229,53.7715],[-7.2407,53.7781],[-7.2478,53.7779],[-7.2538,53.7739],[-7.2625,53.779],[-7.2731,53.7792],[-7.2785,53.7818],[-7.2798,53.7925],[-7.308,53.8127],[-7.3436,53.7991],[-7.3773,53.7848],[-7.3808,53.7853],[-7.3976,53.7788],[-7.4101,53.779],[-7.4112,53.7898],[-7.4553,53.8023],[-7.4623,53.8013],[-7.4717,53.8117],[-7.4657,53.8235],[-7.4702,53.8295],[-7.4718,53.8388],[-7.4763,53.8428],[-7.4736,53.8494],[-7.4769,53.8537],[-7.4887,53.8527],[-7.4945,53.8605],[-7.5171,53.8588],[-7.5281,53.8638],[-7.5413,53.8577],[-7.5432,53.8536],[-7.5546,53.8532],[-7.5708,53.8545],[-7.5783,53.85],[-7.5833,53.851],[-7.5851,53.8569],[-7.5766,53.8648],[-7.5719,53.8737],[-7.5719,53.8799],[-7.5585,53.8776],[-7.5556,53.8903],[-7.5499,53.8929],[-7.5557,53.8974],[-7.561,53.9056],[-7.5748,53.9075],[-7.5798,53.9028],[-7.5855,53.9088],[-7.5828,53.9124],[-7.5931,53.9208],[-7.5957,53.9283],[-7.603,53.9311],[-7.6102,53.9384],[-7.6133,53.9406],[-7.604,53.9506],[-7.5872,53.9576],[-7.5863,53.9627],[-7.5937,53.9689],[-7.5855,53.9727],[-7.585,53.981],[-7.5996,53.9857],[-7.5992,53.9919],[-7.5933,53.9973],[-7.5954,54.0057],[-7.6019,54.0122],[-7.5948,54.015],[-7.6011,54.0233],[-7.614,54.0254],[-7.6125,54.0189],[-7.6207,54.0187],[-7.6359,54.0231],[-7.6404,54.0225],[-7.6463,54.0331],[-7.6373,54.0392],[-7.6379,54.0428],[-7.655,54.0428],[-7.6542,54.0487],[-7.6576,54.0563],[-7.6668,54.0588],[-7.682,54.0592],[-7.6923,54.0702],[-7.6987,54.0724],[-7.7087,54.0841],[-7.7211,54.0848],[-7.7366,54.0829],[-7.7387,54.0945],[-7.7506,54.0951],[-7.7553,54.1047],[-7.7638,54.1097],[-7.7701,54.1073],[-7.7884,54.1083],[-7.7903,54.1126],[-7.7998,54.1164],[-7.8059,54.1105],[-7.8168,54.1049],[-7.8133,54.1003],[-7.8222,54.0965],[-7.8315,54.0987],[-7.8589,54.1133],[-7.8507,54.1176],[-7.862,54.1226],[-7.8758,54.1244],[-7.8819,54.1276],[-7.8816,54.1317],[-7.8917,54.1368],[-7.8882,54.1419],[-7.9012,54.1479],[-7.9052,54.1539],[-7.9118,54.1543],[-7.9167,54.1611],[-7.9234,54.162],[-7.9264,54.1668],[-7.9447,54.1712],[-7.9529,54.1788],[-7.969,54.177],[-7.9849,54.179],[-7.9998,54.1855],[-8.0061,54.1923],[-8.0169,54.1878],[-8.0291,54.1904],[-8.0422,54.1831],[-8.048,54.187],[-8.0464,54.1944],[-8.0509,54.1965],[-8.0455,54.2032],[-8.0348,54.207],[-8.0338,54.2156],[-8.0391,54.2223],[-8.0438,54.2221],[-8.0487,54.2308],[-8.0581,54.2361],[-8.0413,54.254],[-8.0325,54.2517],[-8.0099,54.2484],[-8.0037,54.2494],[-7.9915,54.2575],[-7.9816,54.2692],[-7.9744,54.2735],[-7.9744,54.2805],[-7.971,54.2856],[-7.9544,54.2968],[-7.9467,54.3045]]]},"properties":{"stroke":"#000000","stroke-opacity":0.5,"stroke-width":1,"fill":"#0000FF","fill-opacity":0.5,"OSM_ID":-283679,"NAME_TAG":"Cavan","NAME_GA":"Contae an Chabh\u00e1in","NAME_EN":"County Cavan","ALT_NAME":null,"ALT_NAME_G":null,"LOGAINM_RE":"100003","OSM_USER":"mackerski","OSM_TIMEST":"2009-10-07 22:18:07+02","ATTRIBUTIO":null,"T_IE_URL":"http://www.townlands.ie/cavan","AREA":1931761826.01202,"LATITUDE":53.9948833112866,"LONGITUDE":-7.35236447789624,"EPOCH_TSTM":1254946687}},{"type":"Feature","geometry":{"type":"MultiPolygon","coordinates":[[[[-6.9173,52.4636],[-6.9018,52.4669],[-6.8932,52.465],[-6.8824,52.4674],[-6.8722,52.4724],[-6.8628,52.4797],[-6.8542,52.4977],[-6.834,52.5148],[-6.8323,52.5196],[-6.8369,52.5302],[-6.8303,52.5327],[-6.8058,52.5491],[-6.8063,52.5615],[-6.801,52.5656],[-6.7901,52.5626],[-6.7784,52.5783],[-6.7824,52.5975],[-6.7756,52.6162],[-6.7804,52.6181],[-6.7712,52.6255],[-6.7608,52.6298],[-6.7514,52.6372],[-6.73,52.6428],[-6.7191,52.6395],[-6.7097,52.6404],[-6.6841,52.6355],[-6.6763,52.6378],[-6.6733,52.6424],[-6.664,52.6483],[-6.6644,52.6524],[-6.6545,52.6587],[-6.6525,52.6639],[-6.6588,52.6676],[-6.6709,52.6638],[-6.6797,52.6684],[-6.6736,52.6794],[-6.6627,52.6868],[-6.6519,52.6859],[-6.6442,52.6902],[-6.6341,52.7032],[-6.6199,52.7086],[-6.6128,52.7138],[-6.6063,52.7102],[-6.599,52.7103],[-6.5973,52.7018],[-6.5886,52.7006],[-6.5744,52.7048],[-6.5704,52.7009],[-6.5687,52.6903],[-6.5706,52.6851],[-6.5656,52.682],[-6.5585,52.6851],[-6.5357,52.683],[-6.5328,52.686],[-6.522,52.6844],[-6.5068,52.6891],[-6.4974,52.6903],[-6.4717,52.7099],[-6.4732,52.7147],[-6.4609,52.7186],[-6.4327,52.7351],[-6.4323,52.7547],[-6.4258,52.7534],[-6.4172,52.7553],[-6.4175,52.7618],[-6.4136,52.7682],[-6.4155,52.7755],[-6.4058,52.7836],[-6.3956,52.7886],[-6.3882,52.7847],[-6.3679,52.7953],[-6.3576,52.7942],[-6.349,52.7908],[-6.3397,52.7903],[-6.3343,52.7964],[-6.3175,52.7975],[-6.303,52.7841],[-6.2918,52.7818],[-6.2744,52.7915],[-6.261,52.795],[-6.2543,52.7905],[-6.2428,52.7783],[-6.2256,52.7782],[-6.2197,52.7724],[-6.2139,52.7773],[-6.2085,52.7764],[-6.1978,52.768],[-6.1797,52.7677],[-6.168,52.7662],[-6.1759,52.7555],[-6.1743,52.748],[-6.1652,52.7451],[-6.1634,52.7406],[-6.156,52.738],[-6.1445,52.7377],[-6.1407,52.7337],[-6.1569,52.7253],[-6.1604,52.7152],[-6.1833,52.7018],[-6.1891,52.6938],[-6.1969,52.6871],[-6.2096,52.6694],[-6.2092,52.6664],[-6.2216,52.6543],[-6.2275,52.6456],[-6.2242,52.6411],[-6.2287,52.6342],[-6.2296,52.6248],[-6.221,52.6119],[-6.211,52.6044],[-6.2133,52.5937],[-6.2101,52.585],[-6.2032,52.5818],[-6.2039,52.5707],[-6.1963,52.5669],[-6.1961,52.5608],[-6.2051,52.5428],[-6.2135,52.5324],[-6.2266,52.5237],[-6.2396,52.5131],[-6.251,52.4979],[-6.2697,52.485],[-6.2943,52.4646],[-6.3005,52.457],[-6.3263,52.431],[-6.3382,52.4227],[-6.3537,52.4077],[-6.3624,52.388],[-6.3646,52.3733],[-6.3637,52.3616],[-6.3581,52.3513],[-6.358,52.3455],[-6.371,52.3443],[-6.3793,52.3533],[-6.3855,52.3554],[-6.4355,52.356],[-6.4434,52.3536],[-6.4535,52.3439],[-6.4567,52.3365],[-6.4479,52.3303],[-6.4459,52.3248],[-6.4486,52.3176],[-6.447,52.3077],[-6.4308,52.307],[-6.4129,52.2995],[-6.4156,52.2935],[-6.4081,52.2884],[-6.3994,52.2896],[-6.3976,52.3032],[-6.3879,52.3077],[-6.3906,52.295],[-6.3877,52.2783],[-6.3831,52.2689],[-6.3744,52.2577],[-6.3642,52.2515],[-6.3343,52.255],[-6.3295,52.2481],[-6.3165,52.2416],[-6.3155,52.2388],[-6.3239,52.2328],[-6.3261,52.2248],[-6.3402,52.2159],[-6.3449,52.2074],[-6.3508,52.2017],[-6.3446,52.1904],[-6.3577,52.1836],[-6.3577,52.1777],[-6.368,52.1755],[-6.3879,52.1776],[-6.4015,52.1836],[-6.4199,52.1875],[-6.4504,52.1903],[-6.4734,52.1912],[-6.4982,52.1899],[-6.5143,52.1869],[-6.5405,52.1851],[-6.5616,52.1779],[-6.577,52.1764],[-6.5949,52.1707],[-6.5996,52.1798],[-6.6119,52.1875],[-6.6296,52.1954],[-6.6547,52.2053],[-6.6764,52.2108],[-6.7024,52.2152],[-6.6874,52.2171],[-6.6784,52.2142],[-6.665,52.2131],[-6.6461,52.2048],[-6.6517,52.2205],[-6.658,52.2139],[-6.6631,52.2162],[-6.6776,52.2158],[-6.6819,52.2189],[-6.7086,52.2179],[-6.7304,52.2149],[-6.7426,52.2122],[-6.7552,52.2138],[-6.7699,52.2061],[-6.7858,52.2042],[-6.7962,52.2105],[-6.804,52.212],[-6.8084,52.2179],[-6.799,52.2239],[-6.7985,52.2164],[-6.7888,52.2148],[-6.7891,52.2233],[-6.7864,52.2288],[-6.7795,52.232],[-6.7654,52.2426],[-6.7534,52.2479],[-6.7552,52.2555],[-6.7593,52.2584],[-6.7676,52.2506],[-6.7767,52.2449],[-6.7964,52.2404],[-6.8177,52.2291],[-6.8258,52.2279],[-6.8394,52.2123],[-6.822,52.2154],[-6.8198,52.2132],[-6.8227,52.2049],[-6.828,52.1998],[-6.831,52.1929],[-6.8232,52.1902],[-6.832,52.1817],[-6.8299,52.1762],[-6.8431,52.1748],[-6.8532,52.1678],[-6.88,52.1624],[-6.8879,52.1562],[-6.8891,52.1514],[-6.9022,52.1471],[-6.9108,52.134],[-6.9086,52.1304],[-6.9247,52.1233],[-6.9297,52.1235],[-6.9349,52.1308],[-6.9248,52.1407],[-6.9136,52.1465],[-6.9123,52.1514],[-6.9011,52.1556],[-6.8991,52.1621],[-6.8984,52.1743],[-6.9132,52.1915],[-6.903,52.1957],[-6.9136,52.21],[-6.9191,52.2118],[-6.9208,52.2182],[-6.9372,52.2201],[-6.9365,52.2268],[-6.9441,52.2344],[-6.9558,52.2428],[-6.9655,52.2406],[-6.9872,52.2498],[-6.9923,52.2604],[-6.9832,52.2641],[-6.9822,52.2678],[-6.9887,52.2749],[-7.0005,52.2768],[-7.0057,52.2838],[-7.0151,52.2922],[-7.0172,52.2974],[-7.0061,52.3062],[-7.0003,52.3152],[-6.9894,52.3182],[-6.9875,52.3259],[-6.9936,52.3306],[-6.9935,52.3399],[-6.9965,52.3505],[-6.9922,52.3632],[-6.9842,52.3684],[-6.9703,52.3673],[-6.9649,52.3686],[-6.9654,52.378],[-6.9539,52.3903],[-6.9557,52.3989],[-6.9408,52.403],[-6.9419,52.4125],[-6.9565,52.4161],[-6.9614,52.4217],[-6.9534,52.4254],[-6.946,52.4252],[-6.9408,52.4217],[-6.9261,52.4204],[-6.9243,52.4255],[-6.9182,52.4263],[-6.916,52.4316],[-6.9218,52.4344],[-6.9273,52.4415],[-6.9233,52.4515],[-6.9252,52.4559],[-6.9161,52.4598],[-6.9173,52.4636]]],[[[-6.6259,52.112],[-6.6242,52.1179],[-6.6116,52.1205],[-6.62,52.1097],[-6.6259,52.112]]]]},"properties":{"stroke":"#000000","stroke-opacity":0.5,"stroke-width":1,"fill":"#800080","fill-opacity":0.5,"OSM_ID":-285981,"NAME_TAG":"Wexford","NAME_GA":"Contae Loch Garman","NAME_EN":"County Wexford","ALT_NAME":null,"ALT_NAME_G":null,"LOGAINM_RE":"100019","OSM_USER":"larryone","OSM_TIMEST":"2009-10-11 01:27:44+02","ATTRIBUTIO":null,"T_IE_URL":"http://www.townlands.ie/wexford","AREA":2376428877.97,"LATITUDE":52.4595264157729,"LONGITUDE":-6.57134589309794,"EPOCH_TSTM":1255217264}}]}